v1,v2,Unnamed: 2,Unnamed: 3,Unnamed: 4
ham,A guy who gets used but is too dumb to realize it.,,,
ham,Hey cutie. How goes it? Here in WALES its kinda ok. There is like hills and shit but i still avent killed myself. ,,,
ham,"My sister in law, hope you are having a great month. Just saying hey. Abiola",,,
ham,Ok. There may be a free gym about.,,,
spam,"u r subscribed 2 TEXTCOMP 250 wkly comp. 1st wk?s free question follows, subsequent wks charged@150p/msg.2 unsubscribe txt STOP 2 84128,custcare 08712405020",,,
ham,Hmmm.still we dont have opener?,,,
spam,"Xmas & New Years Eve tickets are now on sale from the club, during the day from 10am till 8pm, and on Thurs, Fri & Sat night this week. They're selling fast!",,,
ham,Tessy..pls do me a favor. Pls convey my birthday wishes to Nimya..pls dnt forget it. Today is her birthday Shijas,,,
ham,I thk 530 lor. But dunno can get tickets a not. Wat u doing now?,,,
ham,"Dear relieved of westonzoyland, all going to plan this end too!",,,
ham,"Hey, can you tell me blake's address? Carlos wanted me to meet him there but I got lost and he's not answering his phone",,,
ham,"I jus hope its true that  missin me cos i'm really missin him! You haven't done anything to feel guilty about, yet.",,,
ham,I thk u dun haf 2 hint in e forum already lor... Cos i told ron n darren is going 2 tell shuhui.,,,
ham,I guess it is useless calling u 4 something important.,,,
ham,To day class is there are no class.,,,
ham,Wylie update: my weed dealer carlos went to freedom and had a class with lunsford,,,
ham,I have no money 4 steve mate! !,,,
ham,"Sorry, I'll call later",,,
ham,Total video converter free download type this in google search:),,,
ham,Unless it's a situation where YOU GO GURL would be more appropriate,,,
ham,Yup... Hey then one day on fri we can ask miwa and jiayin take leave go karaoke ,,,
ham,Just haven't decided where yet eh ?,,,
ham,You flippin your shit yet?,,,
ham,Ok lar... Joking wif u oni...,,,
spam,Jamster! To get your free wallpaper text HEART to 88888 now! T&C apply. 16 only. Need Help? Call 08701213186.,,,
ham,"Nope, I'm still in the market",,,
ham,Nothin comes to my mind. ÌÏ help me buy hanger lor. Ur laptop not heavy?,,,
ham,Give one miss from that number please,,,
ham,I dont have that much image in class.,,,
ham,I don know account details..i will ask my mom and send you.my mom is out of reach now.,,,
ham,Den wat will e schedule b lk on sun?,,,
ham,Did u fix the teeth?if not do it asap.ok take care.,,,
ham,Ok. Not sure what time tho as not sure if can get to library before class. Will try. See you at some point! Have good eve.,,,
spam,Hi I'm sue. I am 20 years old and work as a lapdancer. I love sex. Text me live - I'm i my bedroom now. text SUE to 89555. By TextOperator G2 1DA 150ppmsg 18+,,,
ham,So lets make it saturday or monday as per convenience.,,,
ham,Happy new years melody!,,,
ham,Eh sorry leh... I din c ur msg. Not sad already lar. Me watching tv now. U still in office?,,,
ham,Was gr8 to see that message. So when r u leaving? Congrats dear. What school and wat r ur plans.,,,
ham,I dont want to hear anything,,,
ham,Aiyo a bit pai seh Ì_ noe... Scared he dun rem who i am then die... Hee... But he become better lookin oredi leh...,,,
ham,On the way to office da..,,,
ham,"St andre, virgil's cream",,,
ham,"Hi , where are you? We're at  and they're not keen to go out i kind of am but feel i shouldn't so can we go out tomo, don't mind do you?",,,
ham,Where in abj are you serving. Are you staying with dad or alone.,,,
ham,She told to hr that he want posting in chennai:)because i'm working here:),,,
ham,Yes i will be there. Glad you made it.,,,
ham,Yup i shd haf ard 10 pages if i add figures... ÌÏ all got how many pages?,,,
spam,We tried to contact you re your reply to our offer of a Video Phone 750 anytime any network mins Half Price Line Rental Camcorder Reply or call 08000930705,,,
ham,Ok... Thanx... Gd nite 2 Ì_ too...,,,
ham,And pls pls drink plenty plenty water,,,
ham,Cancel cheyyamo?and get some money back?,,,
ham,I lost 4 pounds since my doc visit last week woot woot! Now I'm gonna celebrate by stuffing my face!,,,
ham,"A swt thought: \Nver get tired of doing little things 4 lovable persons..\"" Coz..somtimes those little things occupy d biggest part in their Hearts.. Gud ni8""",,,
spam,Dear Subscriber ur draw 4 å£100 gift voucher will b entered on receipt of a correct ans. When was Elvis Presleys Birthday? TXT answer to 80062,,,
ham,Hello madam how are you ?,,,
ham,I like to talk pa but am not able to. I dont know y.,,,
ham,Cos i was out shopping wif darren jus now n i called him 2 ask wat present he wan lor. Then he started guessing who i was wif n he finally guessed darren lor.,,,
spam,Ringtone Club: Get the UK singles chart on your mobile each week and choose any top quality ringtone! This message is free of charge.,,,
ham,Dnt worry...use ice pieces in a cloth pack.also take 2 tablets.,,,
ham,Horrible u eat macs eat until u forgot abt me already rite... U take so long 2 reply. I thk it's more toot than b4 so b prepared. Now wat shall i eat?,,,
ham,Have you heard from this week?,,,
ham, gonna let me know cos comes bak from holiday that day.  is coming. Don't4get2text me  number. ,,,
ham,I am not at all happy with what you saying or doing,,,
ham,Thank you. I like you as well...,,,
ham,Hey leave it. not a big deal:-) take care.,,,
ham,"I sent my scores to sophas and i had to do secondary application for a few schools. I think if you are thinking of applying, do a research on cost also. Contact joke ogunrinde, her school is one me the less expensive ones",,,
spam,U have won a nokia 6230 plus a free digital camera. This is what u get when u win our FREE auction. To take part send NOKIA to 83383 now. POBOX114/14TCR/W1 16,,,
ham,Don know..wait i will check it.,,,
ham,Today is ACCEPT DAY..U Accept me as? Brother Sister Lover Dear1 Best1 Clos1 Lvblefrnd Jstfrnd Cutefrnd Lifpartnr Belovd Swtheart Bstfrnd No rply means enemy,,,
ham,And miss vday the parachute and double coins??? U must not know me very well...,,,
ham,Oh k:)after that placement there ah?,,,
ham,Happy birthday... May all ur dreams come true...,,,
ham,I want to go to perumbavoor,,,
ham,Went to ganesh dress shop,,,
ham,"Hi. Wk been ok - on hols now! Yes on for a bit of a run. Forgot that i have hairdressers appointment at four so need to get home n shower beforehand. Does that cause prob for u?\""ham""",,,
ham,Long after I quit. I get on only like 5 minutes a day as it is.,,,
ham,Me too watching surya movie only. . .after 6 pm vijay movie POKKIRI,,,
ham,Why she wants to talk to me,,,
ham,Who u talking about?,,,
ham,Lol yes. But it will add some spice to your day.,,,
ham,I will come to ur home now,,,
ham,Thank you baby! I cant wait to taste the real thing...,,,
ham,Friends that u can stay on fb chat with,,,
ham,Aiyar dun disturb u liao... Thk u have lots 2 do aft ur cupboard come...,,,
ham,Just sleeping..and surfing,,,
ham,Sorry da..today i wont come to play..i have driving clas..,,,
ham,Wat time do u wan 2 meet me later?,,,
ham,Me fine..absolutly fine,,,
spam,"Hi babe its Chloe, how r u? I was smashed on saturday night, it was great! How was your weekend? U been missing me? SP visionsms.com Text stop to stop 150p/text",,,
ham,My house here e sky quite dark liao... If raining then got excuse not 2 run already rite... Hee...,,,
ham,No prob. I will send to your email.,,,
ham,Then why you not responding,,,
ham,The greatest test of courage on earth is to bear defeat without losing heart....gn tc,,,
ham,Hi good mornin.. Thanku wish u d same..,,,
ham,Guess which pub im in? Im as happy as a pig in clover or whatever the saying is! ,,,
ham,"Thanks, I'll keep that in mind",,,
ham,"Er yeah, i will b there at 15:26, sorry! Just tell me which pub/cafe to sit in and come wen u can",,,
ham,Wat so late still early mah. Or we juz go 4 dinner lor. Aiya i dunno...,,,
ham,Dont you have message offer,,,
ham,Uncle boye. I need movies oh. Guide me. Plus you know torrents are not particularly legal here. And the system is slowing down. What should i do. Have a gr8 day. Plus have you started cos i dont meet you online. How was the honey moon.,,,
ham,Lol boo I was hoping for a laugh,,,
ham,Sleeping nt feeling well,,,
ham,"In case you wake up wondering where I am, I forgot I have to take care of something for grandma today, should be done before the parade",,,
ham,I know that my friend already told that.,,,
ham,He says hi and to get your ass back to south tampa (preferably at a kegger),,,
ham,Shall call now dear having food,,,
ham,Have a great trip to India. And bring the light to everyone not just with the project but with everyone that is lucky to see you smile. Bye. Abiola,,,
ham,"Hello. No news on job, they are making me wait a fifth week! Yeah im up for some woozles and weasels... In exeter still, but be home about 3. ",,,
ham,Hey you told your name to gautham ah?,,,
ham,"My life Means a lot to me, Not because I love my life, But because I love the people in my life, The world calls them friends, I call them my World:-).. Ge:-)..",,,
ham,True dear..i sat to pray evening and felt so.so i sms'd you in some time...,,,
ham,"see, i knew giving you a break a few times woul lead to you always wanting to miss curfew. I was gonna gibe you 'til one, but a MIDNIGHT movie is not gonna get out til after 2. You need to come home. You need to getsleep and, if anything, you need to b studdying ear training.",,,
ham,Ic. There are a lotta childporn cars then.,,,
ham,Ok ill tell the company,,,
ham,I don't want you to leave. But i'm barely doing what i can to stay sane. fighting with you constantly isn't helping.,,,
ham,Only once then after ill obey all yours.,,,
ham,Its a great day. Do have yourself a beautiful one.,,,
ham,"Sorry, I'll call later",,,
spam,Do you want a New Nokia 3510i colour phone DeliveredTomorrow? With 300 free minutes to any mobile + 100 free texts + Free Camcorder reply or call 08000930705,,,
ham,Am surfing online store. For offers do you want to buy any thing.,,,
spam,"SMS SERVICES. for your inclusive text credits, pls goto www.comuk.net login= 3qxj9 unsubscribe with STOP, no extra charge. help 08702840625.COMUK. 220-CM2 9AE",,,
ham,i see. When we finish we have loads of loans to pay,,,
spam,"BangBabes Ur order is on the way. U SHOULD receive a Service Msg 2 download UR content. If U do not, GoTo wap. bangb. tv on UR mobile internet/service menu",,,
ham,What's the significance?,,,
ham,I was about to do it when i texted. I finished a long time ago and showered and er'ything!,,,
ham,"You might want to pull out more just in case and just plan on not spending it if you can, I don't have much confidence in derek and taylor's money management",,,
ham,"FR'NDSHIP is like a needle of a clock. Though V r in d same clock, V r nt able 2 met. Evn if V meet,itz only 4few seconds. Bt V alwys stay conected. Gud 9t;-)",,,
ham,Wife.how she knew the time of murder exactly,,,
ham,Gibbs unsold.mike hussey,,,
ham,What happen to her tell the truth,,,
ham,"Huh... Hyde park not in mel ah, opps, got confused... Anyway, if tt's e best choice den we juz have to take it...",,,
ham,Tmr then Ì_ brin lar... Aiya later i come n c lar... Mayb Ì_ neva set properly Ì_ got da help sheet wif Ì_...,,,
ham,Already am squatting is the new way of walking,,,
ham,"Sorry, I'll call later",,,
ham,How much is blackberry bold2 in nigeria.,,,
ham,If i said anything wrong sorry de:-),,,
ham,"Aight fuck it, I'll get it later",,,
ham,Don know..he is watching film in computer..,,,
ham,Wat happened to the cruise thing,,,
ham,"No i'm not. I can't give you everything you want and need. You actually could do better for yourself on yor own--you've got more money than i do. I can't get work, i can't get a man, i can't pay the rent, i can't even fill my fucking gas tank. yes, i'm stressed and depressed. I didn't even call home for thanksgiving cuz i'll have to tell them i,m up to nothing.",,,
ham,"Yeah, we got one lined up for us",,,
ham,Thats cool. i am a gentleman and will treat you with dignity and respect.,,,
ham,Aah bless! How's your arm?,,,
ham,Jesus armand really is trying to tell everybody he can find,,,
ham,"I'm used to it. I just hope my agents don't drop me since i've only booked a few things this year. This whole me in boston, them in nyc was an experiment.",,,
ham,"V-aluable. A-ffectionate. L-oveable. E-ternal. N-oble. T-ruthful. I-ntimate. N-atural. E-namous. Happy \VALENTINES DAY\"" in advance""",,,
spam,"Last Chance! Claim ur å£150 worth of discount vouchers today! Text SHOP to 85023 now! SavaMob, offers mobile! T Cs SavaMob POBOX84, M263UZ. å£3.00 Sub. 16",,,
ham,"Alright if you're sure, let me know when you're leaving",,,
ham,Or Ì_ go buy wif him then i meet Ì_ later can?,,,
ham,Ok how you dear. Did you call chechi,,,
ham,No that just means you have a fat head,,,
ham,Ron say fri leh. N he said ding tai feng cant make reservations. But he said wait lor.,,,
ham,He is a womdarfull actor,,,
spam,"Final Chance! Claim ur å£150 worth of discount vouchers today! Text YES to 85023 now! SavaMob, member offers mobile! T Cs SavaMob POBOX84, M263UZ. å£3.00 Subs 16",,,
ham,"that would be good Û_ I'll phone you tomo lunchtime, shall I, to organise something?",,,
ham,Lol now I'm after that hot air balloon!,,,
ham,"Friendship is not a game to play, It is not a word to say, It doesn\'t start on March and ends on May, It is tomorrow, yesterday, today and e",,,
ham,What is the plural of the noun research?,,,
ham,K:)k..its good:)when are you going?,,,
ham,"Yeah I think my usual guy's still passed out from last night, if you get ahold of anybody let me know and I'll throw down",,,
ham,Do have a nice day today. I love you so dearly.,,,
ham,ALSO TELL HIM I SAID HAPPY BIRTHDAY,,,
ham,Your bill at 3 is å£33.65 so thats not bad!,,,
ham,Ha ha cool cool chikku chikku:-):-DB-),,,
ham,Hey next sun 1030 there's a basic yoga course... at bugis... We can go for that... Pilates intro next sat.... Tell me what time you r free,,,
ham,Hanging out with my brother and his family,,,
ham,ÌÏ v ma fan...,,,
ham,Not able to do anything.,,,
ham,NOT MUCH NO FIGHTS. IT WAS A GOOD NITE!!,,,
ham,How u doin baby girl ?? hope u are okay every time I call ure phone is off! I miss u get in touch,,,
ham,I know you mood off today,,,
ham,Wow didn't think it was that common. I take it all back ur not a freak! Unless u chop it off:-),,,
ham,Cold. Dont be sad dear,,,
ham,Can Ì_ all decide faster cos my sis going home liao..,,,
ham,IM LATE TELLMISS IM ON MY WAY,,,
ham,No need to buy lunch for me.. I eat maggi mee..,,,
ham,Si si. I think ill go make those oreo truffles.,,,
ham,"Yo carlos, a few friends are already asking me about you, you working at all this weekend?",,,
ham,No. Did you multimedia message them or e-mail?,,,
ham,"K.. I yan jiu liao... Sat we can go 4 bugis vill one frm 10 to 3 den hop to parco 4 nb. Sun can go cine frm 1030 to 2, den hop to orc mrt 4 hip hop at 4...",,,
ham,Thats cool. i liked your photos. You are very sexy!,,,
ham,"Christmas is An occasion that is Celebrated as a Reflection of UR... Values..., Desires..., Affections...&amp; Traditions.... Have an ideal Christmas...",,,
ham,Yeah right! I'll bring my tape measure fri!,,,
ham,Anything lar then Ì_ not going home 4 dinner?,,,
ham,Ball is moving a lot.will spin in last :)so very difficult to bat:),,,
spam,"Get 3 Lions England tone, reply lionm 4 mono or lionp 4 poly. 4 more go 2 www.ringtones.co.uk, the original n best. Tones 3GBP network operator rates apply.",,,
ham,The 2 oz guy is being kinda flaky but one friend is interested in picking up $ &lt;#&gt;  worth tonight if possible,,,
spam,Camera - You are awarded a SiPix Digital Camera! call 09061221066 fromm landline. Delivery within 28 days.,,,
ham,I wanted to ask Ì_ to wait 4 me to finish lect. Cos my lect finishes in an hour anyway.,,,
ham,Ha ha - had popped down to the loo when you hello-ed me. Hello!,,,
spam,"Thanks for your ringtone order, reference number X49. Your mobile will be charged 4.50. Should your tone not arrive please call customer services 09065989182. From: [colour=red]text[/colour]TXTstar",,,
ham,"Sorry man my account's dry or I would, if you want we could trade back half or I could buy some shit with my credit card",,,
ham,Kaiez... Enjoy ur tuition... Gee... Thk e second option sounds beta... I'll go yan jiu den msg u...,,,
ham,"Kind of. Just missed train cos of asthma attack, nxt one in half hr so driving in. not sure where to park.",,,
ham,I only haf msn. It's yijue@hotmail.com,,,
ham,K I'll be sure to get up before noon and see what's what,,,
ham,Are you still getting the goods.,,,
ham,I'm working technical support :)voice process.,,,
ham,Only saturday and sunday holiday so its very difficult:),,,
spam,"WELL DONE! Your 4* Costa Del Sol Holiday or å£5000 await collection. Call 09050090044 Now toClaim. SAE, TCs, POBox334, Stockport, SK38xh, Costå£1.50/pm, Max10mins",,,
ham,I remain unconvinced that this isn't an elaborate test of my willpower,,,
spam,Loans for any purpose even if you have Bad Credit! Tenants Welcome. Call NoWorriesLoans.com on 08717111821,,,
ham,I am in tirupur.  call you da.,,,
ham,"That's the trouble with classes that go well - you're due a dodgey one Û_ Expecting mine tomo! See you for recovery, same time, same place ",,,
ham,It so happens that there r 2waxsto do wat you want. She can come and ill get her medical insurance. And she'll be able to deliver and have basic care. I'm currently shopping for the right medical insurance for her. So just give me til friday morning. Thats when i.ll see the major person that can guide me to the right insurance.,,,
ham,Thanx 4 sending me home...,,,
ham,I'm always on yahoo messenger now. Just send the message to me and i.ll get it you may have to send it in the mobile mode sha but i.ll get it. And will reply.,,,
spam,PRIVATE! Your 2003 Account Statement for 07753741225 shows 800 un-redeemed S. I. M. points. Call 08715203677 Identifier Code: 42478 Expires 24/10/04,,,
spam,"Free entry to the gr8prizes wkly comp 4 a chance to win the latest Nokia 8800, PSP or å£250 cash every wk.TXT GREAT to 80878 http//www.gr8prizes.com 08715705022",,,
ham,"Ok da, i already planned. I wil pick you.",,,
ham,I pocked you up there before,,,
ham,"K, wat s tht incident?",,,
ham,My uncles in Atlanta. Wish you guys a great semester.,,,
ham,i want to grasp your pretty booty :),,,
ham,Takin a shower now but yeah I'll leave when I'm done,,,
ham,Hows the champ just leaving glasgow!,,,
ham,"Derp. Which is worse, a dude who always wants to party or a dude who files a complaint about the three drug abusers he lives with",,,
ham,"Please protect yourself from e-threats. SIB never asks for sensitive information like Passwords,ATM/SMS PIN thru email. Never share your password with anybody.",,,
ham,I will reach ur home in  &lt;#&gt;  minutes,,,
ham,Gokila is talking with you aha:),,,
spam,Reminder: You have not downloaded the content you have already paid for. Goto http://doit. mymoby. tv/ to collect your content.,,,
ham,Ok... The theory test? when are Ì_ going to book? I think it's on 21 may. Coz thought wanna go out with jiayin. But she isnt free,,,
ham,I'm gonna say no. Sorry. I would but as normal am starting to panic about time. Sorry again! Are you seeing on Tuesday?,,,
ham,Still in the area of the restaurant. Ill try to come back soon,,,
ham,No we sell it all so we'll have tons if coins. Then sell our coins to someone thru paypal. Voila! Money back in life pockets:),,,
ham,Kay... Since we are out already ,,,
ham,"Sorry, I'll call later",,,
spam,okmail: Dear Dave this is your final notice to collect your 4* Tenerife Holiday or #5000 CASH award! Call 09061743806 from landline. TCs SAE Box326 CW25WX 150ppm,,,
ham,Tessy..pls do me a favor. Pls convey my birthday wishes to Nimya..pls dnt forget it. Today is her birthday Shijas,,,
ham,U still havent got urself a jacket ah?,,,
ham,Thanks for picking up the trash.,,,
ham,Usually the person is unconscious that's in children but in adults they may just behave abnormally. I.ll call you now,,,
ham,I just saw ron burgundy captaining a party boat so yeah,,,
ham,"\Are you comingdown later?\""""",,,
ham,Ok no prob. Take ur time.,,,
ham,Lovely smell on this bus and it ain't tobacco... ,,,
spam,"YOU 07801543489 are guaranteed the latests Nokia Phone, a 40GB iPod MP3 player or a å£500 prize! Txt word:COLLECT to No:83355! TC-LLC NY-USA 150p/Mt msgrcvd18+",,,
ham,Ok.ok ok..then..whats ur todays plan,,,
ham,Are you not around or just still asleep? :V,,,
ham,Talk With Yourself Atleast Once In A Day...!!! Otherwise You Will Miss Your Best FRIEND In This WORLD...!!! -Shakespeare- SHESIL  &lt;#&gt;,,,
ham,"I can't, I don't have her number!",,,
ham,Excellent! Wish we were together right now!,,,
ham,"Oh... Icic... K lor, den meet other day...",,,
ham,I have a rather prominent bite mark on my right cheek,,,
ham,U buy newspapers already?,,,
spam,"SMS SERVICES. for your inclusive text credits, pls goto www.comuk.net login= ***** unsubscribe with STOP. no extra charge. help:08700469649. PO BOX420. IP4 5WE",,,
ham,"\Thinking of u ;) x\""""",,,
ham,Short But Cute : \ Be a good person ," but dont try to prove\"" ..... Gud mrng...""",,
ham,Yeah confirmed for you staying at  that weekend,,,
spam,dating:i have had two of these. Only started after i sent a text to talk sport radio last week. Any connection do you think or coincidence?,,,
spam,You have 1 new message. Call 0207-083-6089,,,
ham,Was actually about to send you a reminder today. Have a wonderful weekend,,,
ham,"Just wondering, the others just took off",,,
spam,"Sunshine Hols. To claim ur med holiday send a stamped self address envelope to Drinks on Us UK, PO Box 113, Bray, Wicklow, Eire. Quiz Starts Saturday! Unsub Stop",,,
ham,Have you started in skye,,,
ham,No. It's not pride. I'm almost  &lt;#&gt;  years old and shouldn't be takin money from my kid. You're not supposed to have to deal with this stuff. This is grownup stuff--why i don't tell you.,,,
ham,But that's on ebay it might be less elsewhere.,,,
ham,Yup i thk cine is better cos no need 2 go down 2 plaza mah.,,,
spam,74355 XMAS iscoming & ur awarded either å£500 CD gift vouchers & free entry 2 r å£100 weekly draw txt MUSIC to 87066 TnC,,,
ham,Thanks honey but still haven't heard anything I will leave it a bit longer so not 2 crowd him and will try later - great advice thanks hope cardiff is still there!,,,
ham,"I feel like a dick because I keep sleeping through your texts and facebook messages. Sup, you in town?",,,
spam,"FREE NOKIA Or Motorola with upto 12mths 1/2price linerental, 500 FREE x-net mins&100txt/mth FREE B'tooth*. Call Mobileupd8 on 08001950382 or call 2optout/D3WV",,,
ham,Onum ela pa. Normal than.,,,
ham,Just forced myself to eat a slice. I'm really not hungry tho. This sucks. Mark is getting worried. He knows I'm sick when I turn down pizza. Lol,,,
ham,"\Life is nothing wen v get everything\"". But \""life is everything wen v miss something \"". Real value of people wil be realized only in their absence.... gud mrng""",,,
ham,I've been barred from all B and Q stores for life!?This twat in orange dungerees came up to me and asked if I wanted decking? So I got the first punch in!!,,,
ham,Looks like u wil b getting a headstart im leaving here bout 2.30ish but if u r desperate for my company I could head in earlier-we were goin to meet in rummer.,,,
ham,You know there is. I shall speak to you in  &lt;#&gt;  minutes then,,,
ham,"Den only weekdays got special price... Haiz... Cant eat liao... Cut nails oso muz wait until i finish drivin wat, lunch still muz eat wat... ",,,
ham,Well I'm going to be an aunty!,,,
ham,"It'll be tough, but I'll do what I have to",,,
ham,Call me when u finish then i come n pick u.,,,
ham,Oic... I saw him too but i tot he din c me... I found a group liao...,,,
ham,Are there TA jobs available? Let me know please cos i really need to start working,,,
ham,"Aight, you close by or still down around alex's place?",,,
ham,U too...,,,
ham,"Oh, the grand is having a bit of a party but it doesn't mention any cover charge so it's probably first come first served",,,
ham,Yo you guys ever figure out how much we need for alcohol? Jay and I are trying to figure out how much we can safely spend on weed,,,
ham,Hi i won't b ard 4 christmas. But do enjoy n merry x'mas.,,,
ham,He needs to stop going to bed and make with the fucking dealing,,,
ham,How come i din c Ì_... Yup i cut my hair...,,,
ham,Oh ok wait 4 me there... My lect havent finish,,,
ham,Can not use foreign stamps in this country.,,,
ham,You will be in the place of that man,,,
ham,"She said,'' do u mind if I go into the bedroom for a minute ? '' ''OK'', I sed in a sexy mood. She came out 5 minuts latr wid a cake...n My Wife,",,,
ham,I gotta collect da car at 6 lei.,,,
ham,Should I head straight there or what,,,
ham,"I noe la... U wana pei bf oso rite... K lor, other days den...",,,
ham,Don know:)this week i'm going to tirunelvai da.,,,
spam,Someone U know has asked our dating service 2 contact you! Cant Guess who? CALL 09058091854 NOW all will be revealed. PO BOX385 M6 6WU,,,
ham,I want to be there so i can kiss you and feel you next to me,,,
ham,Pls go ahead with watts. I just wanted to be sure. Do have a great weekend. Abiola,,,
spam,Had your mobile 10 mths? Update to latest Orange camera/video phones for FREE. Save å£s with Free texts/weekend calls. Text YES for a callback orno to opt out,,,
ham,i can call in  &lt;#&gt;  min if thats ok,,,
ham,Great. So should i send you my account number.,,,
ham,"Hello.How u doing?What u been up 2?When will u b moving out of the flat, cos I will need to arrange to pick up the lamp, etc. Take care. Hello caroline!",,,
ham,have got * few things to do. may be in * pub later.,,,
ham,Beauty sleep can help ur pimples too.,,,
ham,Now that you have started dont stop. Just pray for more good ideas and anything i see that can help you guys i.ll forward you a link.,,,
spam,"URGENT!: Your Mobile No. was awarded a å£2,000 Bonus Caller Prize on 02/09/03! This is our 2nd attempt to contact YOU! Call 0871-872-9755 BOX95QU",,,
spam,U have a secret admirer. REVEAL who thinks U R So special. Call 09065174042. To opt out Reply REVEAL STOP. 1.50 per msg recd. Cust care 07821230901,,,
ham,Oh yah... We never cancel leh... Haha ,,,
ham,soon you will have the real thing princess! Do i make you wet? :),,,
ham,In sch but neva mind u eat 1st lor..,,,
ham,I called but no one pick up e phone. I ask both of them already they said ok.,,,
ham,Shhhhh nobody is supposed to know!,,,
ham,Its ok..come to my home it vl nice to meet and v can chat..,,,
ham,"Aight will do, thanks again for comin out",,,
ham,Ok. Every night take a warm bath drink a cup of milk and you'll see a work of magic. You still need to loose weight. Just so that you know,,,
ham,"Princess, i like to make love  &lt;#&gt;  times per night. Hope thats not a problem!",,,
ham,Is that seriously how you spell his name?,,,
ham,Ok...,,,
ham,"IÛ÷ll leave around four, ok?",,,
spam,December only! Had your mobile 11mths+? You are entitled to update to the latest colour camera mobile for Free! Call The Mobile Update Co FREE on 08002986906,,,
ham,ÌÏ come lt 25 n pass to me lar,,,
ham,No dear i was sleeping :-P,,,
spam,Someone has conacted our dating service and entered your phone because they fancy you!To find out who it is call from landline 09111030116. PoBox12n146tf15,,,
ham,"Well, I was about to give up cos they all said no they didnÛ÷t do one nighters. I persevered and found one but it is very cheap so i apologise in advance. It is just somewhere to sleep isnt it?",,,
ham,But i haf enuff space got like 4 mb...,,,
ham,Anytime lor...,,,
ham,"The  &lt;#&gt; g that i saw a few days ago, the guy wants sell wifi only for  &lt;#&gt;  and with 3g for  &lt;#&gt; . That's why i blanked him.",,,
ham,"Sun cant come to earth but send luv as rays. cloud cant come to river but send luv as rain. I cant come to meet U, but can send my care as msg to U. Gud evng",,,
ham,K..k:)where are you?how did you performed?,,,
spam,"Urgent UR awarded a complimentary trip to EuroDisinc Trav, Aco&Entry41 Or å£1000. To claim txt DIS to 87121 18+6*å£1.50(moreFrmMob. ShrAcomOrSglSuplt)10, LS1 3AJ",,,
ham,Pls accept me for one day. Or am begging you change the number.,,,
ham,"Gud gud..k, chikku tke care.. sleep well gud nyt",,,
spam,"Bored of speed dating? Try SPEEDCHAT, txt SPEEDCHAT to 80155, if you don't like em txt SWAP and get a new chatter! Chat80155 POBox36504W45WQ 150p/msg rcd 16",,,
ham,Yeah we do totes. When u wanna?,,,
ham,V nice! Off 2 sheffield tom 2 air my opinions on categories 2 b used 2 measure ethnicity in next census. Busy transcribing. :-),,,
ham,I went to project centre,,,
ham,"HELLOGORGEOUS, HOWS U? MY FONE WAS ON CHARGE LST NITW WEN U TEXD ME. HOPEU AD A NICE WKEND AS IM SURE U DID LOOKIN 4WARD 2 C-IN U 2MRW LUV JAZ",,,
ham,Thts god's gift for birds as humans hav some natural gift frm god..,,,
ham,I have lost 10 kilos as of today!,,,
spam,Camera - You are awarded a SiPix Digital Camera! call 09061221066 fromm landline. Delivery within 28 days,,,
spam,Save money on wedding lingerie at www.bridal.petticoatdreams.co.uk Choose from a superb selection with national delivery. Brought to you by WeddingFriend,,,
ham,Why nothing. Ok anyway give me treat,,,
ham,Watching telugu movie..wat abt u?,,,
ham,I have printed it oh. So  &lt;#&gt;  come upstairs,,,
ham,Ok.,,,
ham,I forgot 2 ask Ì_ all smth.. There's a card on da present lei... How? ÌÏ all want 2 write smth or sign on it?,,,
ham,A pure hearted person can have a wonderful smile that makes even his/her enemies to feel guilty for being an enemy.. So catch the world with your smile..:) GOODMORNING &amp; HAVE A SMILEY SUNDAY..:),,,
ham,Joy's father is John. Then John is the NAME of Joy's father. Mandan,,,
spam,"Hungry gay guys feeling hungry and up 4 it, now. Call 08718730555 just 10p/min. To stop texts call 08712460324 (10p/min)",,,
ham,Does uncle timi help in clearing cars,,,
ham,Pls speak to that customer machan.,,,
ham,Pls what's the full name of joke's school cos fees in university of florida seem to actually be  &lt;#&gt; k. Pls holla back,,,
spam,"Your free ringtone is waiting to be collected. Simply text the password \MIX\"" to 85069 to verify. Get Usher and Britney. FML", PO Box 5249," MK17 92H. 450Ppw 16""",
ham,... Are you in the pub?,,,
ham,An excellent thought by a misundrstud frnd: I knw u hate me bt the day wen u'll knw the truth u'll hate urself:-( Gn:-),,,
ham,Done it but internet connection v slow and canÛ÷t send it. Will try again later or first thing tomo.,,,
ham,Lol yeah at this point I guess not,,,
ham,Are you planning to come chennai?,,,
ham,Ok lor. Msg me b4 u call.,,,
ham,Me fine..absolutly fine,,,
ham,Waiting 4 my tv show 2 start lor... U leh still busy doing ur report?,,,
ham,"Yeah I should be able to, I'll text you when I'm ready to meet up",,,
spam,PRIVATE! Your 2003 Account Statement for 078,,,
ham,For The First Time In The History 'Need' 'Comfort' And 'Luxury' Are Sold At Same Price In India..!! Onion-Rs. &lt;#&gt;  Petrol-Rs. &lt;#&gt;  Beer-Rs. &lt;#&gt;  SHESIL  &lt;#&gt;,,,
ham,I just cooked a rather nice salmon a la you,,,
spam,Sorry! U can not unsubscribe yet. THE MOB offer package has a min term of 54 weeks> pls resubmit request after expiry. Reply THEMOB HELP 4 more info,,,
spam,Would you like to see my XXX pics they are so hot they were nearly banned in the uk!,,,
ham,Oooh bed ridden ey? What are YOU thinking of?,,,
ham,Except theres a chick with huge boobs.,,,
spam,U 447801259231 have a secret admirer who is looking 2 make contact with U-find out who they R*reveal who thinks UR so special-call on 09058094597,,,
ham,I will spoil you in bed as well :),,,
ham,"Call me, i am senthil from hsbc.",,,
ham,I'm awake oh. What's up.,,,
ham,X course it 2yrs. Just so her messages on messenger lik you r sending me,,,
ham,All done? All handed in? Celebrations in full swing yet?,,,
ham,Wrong phone! This phone! I answer this one but assume the other is people i don't well,,,
ham,Huh y lei...,,,
ham,My uncles in Atlanta. Wish you guys a great semester.,,,
ham,Gudnite....tc...practice going on,,,
ham,Ok. Very good. Its all about making that money.,,,
ham,Hurry home. Soup is DONE!,,,
ham,Oh great. I.ll disturb him more so that we can talk.,,,
ham,Aiyah then i wait lor. Then u entertain me. Hee...,,,
ham,"Yun ah.the ubi one say if Ì_ wan call by tomorrow.call 67441233 look for irene.ere only got bus8,22,65,61,66,382. Ubi cres,ubi tech park.6ph for 1st 5wkg days.Ì¬n",,,
spam,Hi if ur lookin 4 saucy daytime fun wiv busty married woman Am free all next week Chat now 2 sort time 09099726429 JANINExx Callså£1/minMobsmoreLKPOBOX177HP51FL,,,
ham,No calls..messages..missed calls,,,
ham,"Wishing you and your family Merry \X\"" mas and HAPPY NEW Year in advance..""",,,
ham,Then any special there?,,,
ham,You also didnt get na hi hi hi hi hi,,,
ham,I wud never mind if u dont miss me or if u dont need me.. But u wil really hurt me wen u need me &amp; u dont tell me......... Take care:-),,,
ham,Fine if thatåÕs the way u feel. ThatåÕs the way its gota b,,,
ham,Tell where you reached,,,
ham,Much better now thanks lol,,,
ham,Hey i will be late... i'm at amk. Need to drink tea or coffee,,,
ham,Hi its in durban are you still on this number,,,
ham,Easy ah?sen got selected means its good..,,,
ham,"That way transport is less problematic than on sat night. By the way, if u want to ask  n  to join my bday, feel free. But need to know definite nos as booking on fri. ",,,
ham,"I'm gonna be home soon and i don't want to talk about this stuff anymore tonight, k? I've cried enough today.",,,
ham,So the sun is anti sleep medicine.,,,
ham,Ugh I don't wanna get out of bed. It's so warm.,,,
ham,Good evening! this is roger. How are you?,,,
ham,Hello which the site to download songs its urgent pls,,,
ham,how are you? I miss you!,,,
ham,What do u want when i come back?.a beautiful necklace as a token of my heart for you.thats what i will give but ONLY to MY WIFE OF MY LIKING.BE THAT AND SEE..NO ONE can give you that.dont call me.i will wait till i come.,,,
ham,Waiting in e car 4 my mum lor. U leh? Reach home already?,,,
ham,Thanks for sending this mental ability question..,,,
ham,Ding me on ya break fassyole! Blacko from londn,,,
ham,I had it already..sabarish asked me to go..,,,
ham,He didn't see his shadow. We get an early spring yay,,,
ham,I want to be inside you every night...,,,
ham,Hmm...my uncle just informed me that he's paying the school directly. So pls buy food.,,,
spam,"This is the 2nd time we have tried to contact u. U have won the å£400 prize. 2 claim is easy, just call 087104711148 NOW! Only 10p per minute. BT-national-rate",,,
ham,"Dear all, as we know  &lt;#&gt; th is the  &lt;#&gt; th birthday of our loving Gopalettan. We are planning to give a small gift on that day. Those who like to participate in that you are welcome. Please contact our admin team for more details",,,
ham,Text her. If she doesnt reply let me know so i can have her log in,,,
ham,I dont know why she.s not getting your messages,,,
ham,Well I might not come then...,,,
ham,"Yo, you around? Just got my car back",,,
ham,Din i tell u jus now 420,,,
ham,Is it ok if I stay the night here? Xavier has a sleeping bag and I'm getting tired,,,
ham,"I'm taking derek &amp; taylor to walmart, if I'm not back by the time you're done just leave the mouse on my desk and I'll text you when priscilla's ready",,,
ham,Hi.:)technical support.providing assistance to us customer through call and email:),,,
ham,You made my day. Do have a great day too.,,,
spam,Promotion Number: 8714714 - UR awarded a City Break and could WIN a å£200 Summer Shopping spree every WK. Txt STORE to 88039 . SkilGme. TsCs087147403231Winawk!Age16 å£1.50perWKsub,,,
ham,"I don't think I can get away for a trek that long with family in town, sorry",,,
ham,Ok darlin i supose it was ok i just worry too much.i have to do some film stuff my mate and then have to babysit again! But you can call me there.xx,,,
ham,great princess! I love giving and receiving oral. Doggy style is my fave position. How about you? I enjoy making love  &lt;#&gt;  times per night :),,,
ham,"Sir, waiting for your letter.",,,
ham,"Thank you so much. When we skyped wit kz and sura, we didnt get the pleasure of your company. Hope you are good. We've given you ultimatum oh! We are countin down to aburo. Enjoy! This is the message i sent days ago",,,
ham,Ok. I only ask abt e movie. U wan ktv oso?,,,
ham,I think the other two still need to get cash but we can def be ready by 9,,,
ham,K.i did't see you.:)k:)where are you now?,,,
ham,Eek that's a lot of time especially since American Pie is like 8 minutes long. I can't stop singing it.,,,
ham,Ok lor then we go tog lor...,,,
ham,Boo. How's things? I'm back at home and a little bored already :-(,,,
ham,When Ì_ login dat time... Dad fetching Ì_ home now?,,,
ham,What Today-sunday..sunday is holiday..so no work..,,,
spam,IMPORTANT MESSAGE. This is a final contact attempt. You have important messages waiting out our customer claims dept. Expires 13/4/04. Call 08717507382 NOW!,,,
ham,"Sorry, I'll call later",,,
ham,Congrats kano..whr s the treat maga?,,,
ham,Really? I crashed out cuddled on my sofa.,,,
ham,"I prefer my free days... Tues, wed, fri oso can... ÌÏ ask those workin lor...",,,
ham,That seems unnecessarily hostile,,,
ham,Ok lor Ì_ reaching then message me.,,,
spam,"HOT LIVE FANTASIES call now 08707509020 Just 20p per min NTT Ltd, PO Box 1327 Croydon CR9 5WB 0870..k",,,
spam,Great News! Call FREEFONE 08006344447 to claim your guaranteed å£1000 CASH or å£2000 gift. Speak to a live operator NOW!,,,
ham,Correct. So how was work today,,,
ham,Omg it could snow here tonite!,,,
ham,My sister got placed in birla soft da:-),,,
ham,I might go 2 sch. Yar at e salon now v boring.,,,
ham,"Haha just kidding, papa needs drugs",,,
spam,Here is your discount code RP176781. To stop further messages reply stop. www.regalportfolio.co.uk. Customer Services 08717205546,,,
ham,Holy living christ what is taking you so long,,,
ham,"Ah, well that confuses things, doesnt it? I thought was friends with now. Maybe i did the wrong thing but i already sort of invited -tho he may not come cos of money.",,,
spam,Dear 0776xxxxxxx U've been invited to XCHAT. This is our final attempt to contact u! Txt CHAT to 86688 150p/MsgrcvdHG/Suite342/2Lands/Row/W1J6HL LDN 18yrs,,,
ham,"And very importantly, all we discuss is between u and i only.",,,
ham,We are okay. Going to sleep now. Later,,,
ham,S now only i took tablets . Reaction morning only.,,,
ham,They released vday shirts and when u put it on it makes your bottom half naked instead of those white underwear.,,,
ham,Hey what happen de. Are you alright.,,,
ham,You will go to walmart. I.ll stay.,,,
ham,Headin towards busetop,,,
ham,"Hmm ok, i'll stay for like an hour cos my eye is really sore!",,,
ham,Lol yep did that yesterday. Already got my fireplace. Now its just another icon sitting there for me.,,,
spam,"Today's Offer! Claim ur å£150 worth of discount vouchers! Text YES to 85023 now! SavaMob, member offers mobile! T Cs 08717898035. å£3.00 Sub. 16 . Unsub reply X",,,
ham,This message is from a great Doctor in India:-): 1) Do not drink APPY FIZZ. It contains Cancer causing age,,,
ham,My birthday is on feb  &lt;#&gt;  da. .,,,
spam,"Had your mobile 10 mths? Update to the latest Camera/Video phones for FREE. KEEP UR SAME NUMBER, Get extra free mins/texts. Text YES for a call",,,
ham,"Hello baby, did you get back to your mom's ? Are you setting up the computer now ? Filling your belly ? How goes it loverboy ? I miss you already ... *sighs*",,,
ham,"Good FRIENDS CaRE for each Other.. CLoSE Friends UNDERSTaND each Other... and TRUE Friends STaY forever beyond words, beyond time. Gud ni8",,,
spam,"Urgent -call 09066649731from Landline. Your complimentary 4* Ibiza Holiday or å£10,000 cash await collection SAE T&Cs PO BOX 434 SK3 8WP 150ppm 18+",,,
ham,Pls dont forget to study,,,
ham,"Watching cartoon, listening music &amp; at eve had to go temple &amp; church.. What about u?",,,
spam,You have won a guaranteed å£200 award or even å£1000 cashto claim UR award call free on 08000407165 (18+) 2 stop getstop on 88222 PHP. RG21 4JX,,,
spam,Urgent! Please call 09061743810 from landline. Your ABTA complimentary 4* Tenerife Holiday or #5000 cash await collection SAE T&Cs Box 326 CW25WX 150 ppm,,,
ham,"Hmm well, night night ",,,
ham,Go fool dont cheat others ok,,,
ham,I tagged MY friends that you seemed to count as YOUR friends.,,,
ham,Jus finish watching tv... U?,,,
spam,Buy Space Invaders 4 a chance 2 win orig Arcade Game console. Press 0 for Games Arcade (std WAP charge) See o2.co.uk/games 4 Terms + settings. No purchase,,,
spam,Free video camera phones with Half Price line rental for 12 mths and 500 cross ntwk mins 100 txts. Call MobileUpd8 08001950382 or Call2OptOut/674,,,
ham,Ok thanx...,,,
ham,R u in this continent?,,,
ham,Do you hide anythiing or keeping distance from me,,,
ham,He also knows about lunch menu only da. . I know,,,
ham,"Watching cartoon, listening music &amp; at eve had to go temple &amp; church.. What about u?",,,
ham,"A boy was late 2 home. His father: \POWER OF FRNDSHIP\""""",,,
ham,Send me the new number,,,
ham,Otherwise had part time job na-tuition..,,,
spam,Congratulations ur awarded either å£500 of CD gift vouchers & Free entry 2 our å£100 weekly draw txt MUSIC to 87066 TnCs www.Ldew.com 1 win150ppmx3age16,,,
ham,"Yeah there's quite a bit left, I'll swing by tomorrow when I get up",,,
ham,"hey, looks like I was wrong and one of the kappa guys numbers is still on my phone, if you want I can text him and see if he's around",,,
ham,Hi! You just spoke to MANEESHA V. We'd like to know if you were satisfied with the experience. Reply Toll Free with Yes or No.,,,
spam,Hey I am really horny want to chat or see me naked text hot to 69698 text charged at 150pm to unsubscribe text stop 69698,,,
ham,Wait.i will come out.. &lt;#&gt;  min:),,,
ham,Company is very good.environment is terrific and food is really nice:),,,
ham,"Just dropped em off, omw back now",,,
ham,Am only searching for good dual sim mobile pa.,,,
ham,Package all your programs well,,,
ham,Saw Guys and Dolls last night with Patrick Swayze it was great,,,
ham,DO U WANT 2 MEET UP 2MORRO,,,
ham,Hhahhaahahah rofl wtf nig was leonardo in your room or something,,,
ham,"Me not waking up until 4 in the afternoon, sup",,,
ham,"Sorry, I'll call later ok bye",,,
ham,Thank You meet you monday,,,
ham,"Aight, call me once you're close",,,
spam,U have a secret admirer who is looking 2 make contact with U-find out who they R*reveal who thinks UR so special-call on 09058094565,,,
ham,Those cocksuckers. If it makes you feel better ipads are worthless garbage novelty items and you should feel bad for even wanting one,,,
ham,"Oh, my love, it's soooo good to hear from you. Omg I missed you so much today. I'm sorry your having problems with the provider but thank you for tming me",,,
spam,"URGENT! Your mobile was awarded a å£1,500 Bonus Caller Prize on 27/6/03. Our final attempt 2 contact U! Call 08714714011",,,
ham,The fact that you're cleaning shows you know why i'm upset. Your priority is constantly \what i want to do,"\"" not \""what i need to do.\""""",,
ham,"Aldrine, rakhesh ex RTM here.pls call.urgent.",,,
ham,Finally the match heading towards draw as your prediction.,,,
ham,He is world famamus....,,,
ham,My uncles in Atlanta. Wish you guys a great semester.,,,
spam,"URGENT!! Your 4* Costa Del Sol Holiday or å£5000 await collection. Call 09050090044 Now toClaim. SAE, TC s, POBox334, Stockport, SK38xh, Costå£1.50/pm, Max10mins",,,
ham,I see the letter B on my car,,,
spam,SMS AUCTION - A BRAND NEW Nokia 7250 is up 4 auction today! Auction is FREE 2 join & take part! Txt NOKIA to 86021 now!,,,
ham,Home so we can always chat,,,
ham,I'll let you know when it kicks in,,,
ham,Oi when you gonna ring,,,
ham,Whatsup there. Dont u want to sleep,,,
ham,That means from february to april i'll be getting a place to stay down there so i don't have to hustle back and forth during audition season as i have since my sister moved away from harlem.,,,
ham,TELL HER I SAID EAT SHIT.,,,
ham,Have a nice day my dear.,,,
ham,K..k..i'm also fine:)when will you complete the course?,,,
ham,Great comedy..cant stop laughing da:),,,
ham,Same as u... Dun wan... Y u dun like me already ah... Wat u doing now? Still eating?,,,
ham,Hi mom we might be back later than  &lt;#&gt; ,,,
ham,Did u see what I posted on your Facebook?,,,
ham,So u gonna get deus ex?,,,
ham,"IÛ÷ve got some salt, you can rub it in my open wounds if you like!",,,
ham,Its going good...no problem..but still need little experience to understand american customer voice...,,,
ham,I dunno lei... Like dun haf...,,,
ham,Did either of you have any idea's? Do you know of anyplaces doing something?,,,
spam,Free entry in 2 a weekly comp for a chance to win an ipod. Txt POD to 80182 to get entry (std txt rate) T&C's apply 08452810073 for details 18+,,,
ham,Are you at work right now ?,,,
spam,network operator. The service is free. For T & C's visit 80488.biz,,,
ham,K. I will sent it again,,,
ham,"Awesome question with a cute answer: Someone asked a boy \how is ur life?\"" . . He smiled &amp; answered: . . \""She is fine!\"" Gudnite""",,,
ham,"Hi, wkend ok but journey terrible. Wk not good as have huge back log of marking to do",,,
ham,"* Was really good to see you the other day dudette, been missing you!",,,
ham,Got it! It looks scrumptious... daddy wants to eat you all night long!,,,
ham,U meet other fren dun wan meet me ah... Muz b a guy rite...,,,
ham,Have you seen who's back at Holby?!,,,
ham,Dear we got  &lt;#&gt;  dollars hi hi,,,
ham,Dunno leh cant remember mayb lor. So wat time r we meeting tmr?,,,
spam,Great NEW Offer - DOUBLE Mins & DOUBLE Txt on best Orange tariffs AND get latest camera phones 4 FREE! Call MobileUpd8 free on 08000839402 NOW! or 2stoptxt T&Cs,,,
ham,Yes but can we meet in town cos will go to gep and then home. You could text at bus stop. And don't worry we'll have finished by march Û_ ish!,,,
ham,I am not having her number sir,,,
ham,Ok...,,,
ham,Don no da:)whats you plan?,,,
ham,Yup it's at paragon... I havent decided whether 2 cut yet... Hee...,,,
ham,Ok...,,,
spam,Please CALL 08712402972 immediately as there is an urgent message waiting for you,,,
spam,Want 2 get laid tonight? Want real Dogging locations sent direct 2 ur Mob? Join the UK's largest Dogging Network by txting MOAN to 69888Nyt. ec2a. 31p.msg@150p,,,
ham,"K, can I pick up another 8th when you're done?",,,
ham,Aiyar hard 2 type. U later free then tell me then i call n scold n tell u.,,,
ham,"Cool, I'll text you when I'm on the way",,,
ham,So when you gonna get rimac access ,,,
spam,URGENT! We are trying to contact U. Todays draw shows that you have won a å£2000 prize GUARANTEED. Call 09058094507 from land line. Claim 3030. Valid 12hrs only,,,
ham,I'm at home. Please call,,,
ham,The battery is for mr adewale my uncle. Aka Egbon,,,
ham,I not free today i haf 2 pick my parents up tonite...,,,
ham,"Come to mu, we're sorting out our narcotics situation",,,
ham,"\HEY DAS COOL... IKNOW ALL 2 WELLDA PERIL OF STUDENTFINANCIAL CRISIS!SPK 2 U L8R.\""""",,,
ham,Dude just saw a parked car with its sunroof popped up. Sux,,,
ham,I'm coming home 4 dinner.,,,
ham,I asked you to call him now ok,,,
ham,Okie.. Thanx..,,,
ham,The hair cream has not been shipped.,,,
ham,Yes fine ,,,
ham,"1) Go to write msg 2) Put on Dictionary mode 3)Cover the screen with hand, 4)Press  &lt;#&gt; . 5)Gently remove Ur hand.. Its interesting..:)",,,
ham,Ok lar i double check wif da hair dresser already he said wun cut v short. He said will cut until i look nice.,,,
spam,"URGENT! You have won a 1 week FREE membership in our å£100,000 Prize Jackpot! Txt the word: CLAIM to No: 81010 T&C www.dbuk.net LCCLTD POBOX 4403LDNW1A7RW18",,,
ham,It does it on its own. Most of the time it fixes my spelling. But sometimes it gets a completely diff word. Go figure,,,
ham,We are supposed to meet to discuss abt our trip... Thought xuhui told you? In the afternoon. Thought we can go for lesson after that,,,
ham,Hi kindly give us back our documents which we submitted for loan from STAPATI,,,
ham,"FRAN I DECIDED 2 GO N E WAY IM COMPLETELY BROKE AN KNACKERED I GOT UP BOUT 3 C U 2MRW LOVE JANX P.S THIS IS MY DADS FONE, -NO CREDIT",,,
ham,I dont understand your message.,,,
spam,FREE>Ringtone! Reply REAL or POLY eg REAL1 1. PushButton 2. DontCha 3. BabyGoodbye 4. GoldDigger 5. WeBeBurnin 1st tone FREE and 6 more when u join for å£3/wk,,,
ham,Nothing just getting msgs by dis name wit different no's..,,,
ham,For my family happiness..,,,
ham,No da. I am happy that we sit together na,,,
ham,"Honeybee Said: *I'm d Sweetest in d World* God Laughed &amp; Said: *Wait,U Havnt Met d Person Reading This Msg* MORAL: Even GOD Can Crack Jokes! GM+GN+GE+GN:)",,,
ham,Think I could stop by in like an hour or so? My roommate's looking to stock up for a trip,,,
ham,Ok...,,,
ham,Babe !!!! I LOVE YOU !!!! *covers your face in kisses*,,,
ham,"Yeah why not, is the gang all ready",,,
ham,somewhere out there beneath the pale moon light someone think in of u some where out there where dreams come true... goodnite &amp; sweet dreams,,,
ham,Watching tv lor...,,,
ham,Enjoy ur life. . Good night,,,
ham,K. Did you call me just now ah? ,,,
ham,"Just got some gas money, any chance you and the gang want to go on a grand nature adventure?",,,
ham,Theyre doing it to lots of places. Only hospitals and medical places are safe.,,,
ham,Ok... But they said i've got wisdom teeth hidden inside n mayb need 2 remove.,,,
ham,Every day i use to sleep after  &lt;#&gt;  so only.,,,
ham,Remember to ask alex about his pizza,,,
ham,"Good afternoon on this glorious anniversary day, my sweet J !! I hope this finds you happy and content, my Prey. I think of you and send a teasing kiss from across the sea coaxing images of fond souveniers ... You Cougar-Pen",,,
ham,"I wake up long ago already... Dunno, what other thing?",,,
ham,"Hmm, too many of them unfortunately... Pics obviously arent hot cakes. Its kinda fun tho",,,
ham,Dip's cell dead. So i m coming with him. U better respond else we shall come back.,,,
ham,What Today-sunday..sunday is holiday..so no work..,,,
ham,Shall i come to get pickle,,,
ham,have * good weekend.,,,
ham,I'm going 2 orchard now laready me reaching soon. U reaching?,,,
ham,Are you free now?can i call now?,,,
ham,Where can download clear movies. Dvd copies.,,,
ham,Bring it if you got it,,,
ham,K and you're sure I don't have to have consent forms to do it :V,,,
ham,That one week leave i put know that time. Why.,,,
ham,You dont know you jabo me abi.,,,
spam,You will recieve your tone within the next 24hrs. For Terms and conditions please see Channel U Teletext Pg 750,,,
spam,I don't know u and u don't know me. Send CHAT to 86688 now and let's find each other! Only 150p/Msg rcvd. HG/Suite342/2Lands/Row/W1J6HL LDN. 18 years or over.,,,
ham,"LOL .. *grins* .. I'm not babe, but thanks for thinking of me!",,,
ham,"I haven't forgotten you, i might have a couple bucks to send you tomorrow, k? I love ya too",,,
ham,Sorry i'm not free...,,,
ham,How are you. Just checking up on you,,,
ham,I'm fine. Hope you are good. Do take care.,,,
ham,Ok no prob,,,
ham,Where r e meeting tmr?,,,
ham,Then we wait 4 u lor... No need 2 feel bad lar...,,,
ham,Miserable. They don't tell u that the side effects of birth control are massive gut wrenching cramps for the first 2 months. I didn't sleep at all last night.,,,
ham,"Very strange.  and  are watching the 2nd one now but i'm in bed. Sweet dreams, miss u ",,,
ham,"No, I was trying it all weekend ;V",,,
spam,"HOT LIVE FANTASIES call now 08707509020 Just 20p per min NTT Ltd, PO Box 1327 Croydon CR9 5WB 0870..k",,,
ham,(That said can you text him one more time?),,,
ham,"&lt;#&gt;  is fast approaching. So, Wish u a very Happy New Year Happy Sankranti Happy republic day Happy Valentines Day Happy Shivratri Happy Ugadi Happy Fools day Happy May Day Happy Independence Day, Happy Friendship,Mother,Father,Teachers,Childrens Day, &amp; HAPPY BIRTHDAY 4 U. Happy Ganesh festival Happy Dasara Happy Diwali Happy Christmas  &lt;#&gt;  Good Mornings Afternoons, Evenings Nights. RememberI AM the first to WISHING U ALL THESE...your's Raj",,,
ham,"God picked up a flower and dippeditinaDEW, lovingly touched itwhichturnedinto u, and the he gifted tomeandsaid,THIS FRIEND IS 4U",,,
ham,Today i'm not workin but not free oso... Gee... Thgt u workin at ur fren's shop ? ,,,
ham,Wait  &lt;#&gt;  min..,,,
spam,You have an important customer service announcement. Call FREEPHONE 0800 542 0825 now!,,,
ham,"Sir, good morning. Hope you had a good weekend. I called to let you know that i was able to raise  &lt;#&gt;  from my dad. He however said he would make the rest available by mid feb. This amount is still quite short and i was hoping you would help. Do have a good day. Abiola",,,
ham,Now am free call me pa.,,,
ham,"Sorry, I can't help you on this.",,,
spam,Money i have won wining number 946 wot do i do next,,,
ham,Lmao but its so fun...,,,
ham,Hey you gave them your photo when you registered for driving ah? Tmr wanna meet at yck? ,,,
ham,"The affidavit says  &lt;#&gt;  E Twiggs St, division g, courtroom  &lt;#&gt; , &lt;TIME&gt;  AM. I'll double check and text you again tomorrow",,,
ham,Ummma.will call after check in.our life will begin from qatar so pls pray very hard.,,,
ham,do u think that any girl will propose u today by seing ur bloody funky shit fucking face...............asssssholeeee................,,,
spam,"You've won tkts to the EURO2004 CUP FINAL or å£800 CASH, to collect CALL 09058099801 b4190604, POBOX 7876150ppm",,,
ham,She ran off with a younger man. we will make pretty babies together :),,,
ham,Yeah. I got a list with only u and Joanna if I'm feeling really anti social,,,
ham,"That's cool he'll be here all night, lemme know when you're around",,,
ham,Need a coffee run tomo?Can't believe it's that time of week already,,,
ham,"Sorry, I can't help you on this.",,,
ham,We confirm eating at esplanade?,,,
ham,Hey come online! Use msn... We are all there,,,
ham,"Ugh y can't u just apologize, admit u were wrong and ask me to take u back?",,,
ham,In xam hall boy asked girl Tell me the starting term for dis answer I can den manage on my own After lot of hesitation n lookin around silently she said THE! intha ponnungale ipaditan;),,,
ham,"Yeah go on then, bored and depressed sittin waitin for phone to ring... Hope the wind drops though, scary",,,
ham,S s..first time..dhoni rocks...,,,
ham,Dear where you. Call me,,,
ham,Probably gonna swing by in a wee bit,,,
ham,What you did in  leave.,,,
ham,alright tyler's got a minor crisis and has to be home sooner than he thought so be here asap,,,
ham,Nice talking to you! please dont forget my pix :) i want to see all of you...,,,
spam,Your 2004 account for 07XXXXXXXXX shows 786 unredeemed points. To claim call 08719181259 Identifier code: XXXXX Expires 26.03.05,,,
ham,"Send ur birthdate with month and year, I will tel u ur LIFE PARTNER'S name. and the method of calculation. Reply must.",,,
ham,Nothing spl..wat abt u and whr ru?,,,
ham,Oh god i am happy to see your message after 3 days,,,
ham,"She was supposed to be but couldn't make it, she's still in town though",,,
ham,ÌÏ still got lessons?  ÌÏ in sch?,,,
ham,Don't necessarily expect it to be done before you get back though because I'm just now headin out,,,
ham,"Aight no rush, I'll ask jay",,,
spam,"FREE GAME. Get Rayman Golf 4 FREE from the O2 Games Arcade. 1st get UR games settings. Reply POST, then save & activ8. Press 0 key for Arcade. Termsapply",,,
spam,"New Tones This week include: 1)McFly-All Ab.., 2) Sara Jorge-Shock.. 3) Will Smith-Switch.. To order follow instructions on next message",,,
ham,"7 wonders in My WORLD 7th You 6th Ur style 5th Ur smile 4th Ur Personality 3rd Ur Nature 2nd Ur SMS and 1st \Ur Lovely Friendship\""... good morning dear""",,,
ham,"Mostly sports type..lyk footbl,crckt..",,,
ham,Actually getting ready to leave the house.,,,
ham,Hmm. Shall i bring a bottle of wine to keep us amused? Just joking! I'll still bring a bottle. Red or white? See you tomorrow,,,
ham,"Yeah sure, give me a couple minutes to track down my wallet",,,
ham,I am great! How are you?,,,
ham,"House-Maid is the murderer, coz the man was murdered on  &lt;#&gt; th January.. As public holiday all govt.instituitions are closed,including post office..",,,
ham,Never blame a day in ur life. Good days give u happiness. Bad days give u experience. Both are essential in life! All are Gods blessings! good morning.:,,,
ham,"Good afternoon, babe. How goes that day ? Any job prospects yet ? I miss you, my love ... *sighs* ... :-(",,,
ham,Dont flatter yourself... Tell that man of mine two pints of carlin in ten minutes please.... ,,,
ham,Dear i have reache room,,,
ham,I want kfc its Tuesday. Only buy 2 meals ONLY 2. No gravy. Only 2 Mark. 2!,,,
ham,"Don't worry, * is easy once have ingredients!",,,
ham,Raviyog Peripherals bhayandar east,,,
spam,Dear U've been invited to XCHAT. This is our final attempt to contact u! Txt CHAT to 86688 150p/MsgrcvdHG/Suite342/2Lands/Row/W1J6HL LDN 18 yrs,,,
ham,Sry da..jst nw only i came to home..,,,
ham,Fuck cedar key and fuck her (come over anyway tho),,,
ham,Want to finally have lunch today?,,,
ham,I'm freezing and craving ice. Fml,,,
ham,S.i think he is waste for rr..,,,
ham,Hi..i got the money da:),,,
ham,Huh? 6 also cannot? Then only how many mistakes?,,,
ham,Finish liao... U?,,,
ham,\Wen u miss someone, the person is definitely special for u..... But if the person is so special, why to miss them," just Keep-in-touch\"" gdeve.."""
ham,Anything lor if they all go then i go lor...,,,
ham,Are you sure you don't mean \get here," we made you hold all the weed\""""",,
ham,aathi..where are you dear..,,,
spam,"WIN: We have a winner! Mr. T. Foley won an iPod! More exciting prizes soon, so keep an eye on ur mobile or visit www.win-82050.co.uk",,,
ham,Not thought bout it... || Drink in tap & spile at seven. || Is that pub on gas st off broad st by canal. || Ok?,,,
spam,GENT! We are trying to contact you. Last weekends draw shows that you won a å£1000 prize GUARANTEED. Call 09064012160. Claim Code K52. Valid 12hrs only. 150ppm,,,
ham,"Say this slowly.? GOD,I LOVE YOU &amp; I NEED YOU,CLEAN MY HEART WITH YOUR BLOOD.Send this to Ten special people &amp; u c miracle tomorrow, do it,pls,pls do it...",,,
ham,Oh... Okie lor...We go on sat... ,,,
ham,7 at esplanade.. Do Ì_ mind giving me a lift cos i got no car today..,,,
ham,On the road so cant txt,,,
ham,Hey... are you going to quit soon? Xuhui and i working till end of the month ,,,
ham,Do you like shaking your booty on the dance floor?,,,
ham,No no:)this is kallis home ground.amla home town is durban:),,,
ham,Yar lor... How u noe? U used dat route too?,,,
ham,I thank you so much for all you do with selflessness. I love you plenty.,,,
ham,Cos darren say Ì_ considering mah so i ask Ì_...,,,
spam,"Sppok up ur mob with a Halloween collection of nokia logo&pic message plus a FREE eerie tone, txt CARD SPOOK to 8007",,,
ham,Simply sitting and watching match in office..,,,
spam,Do you want a NEW video phone750 anytime any network mins 150 text for only five pounds per week call 08000776320 now or reply for delivery tomorrow,,,
ham,"New Theory: Argument wins d SITUATION, but loses the PERSON. So dont argue with ur friends just.. . . . kick them &amp; say, I'm always correct.!",,,
ham,"Think i might have to give it a miss. Am teaching til twelve, then have lecture at two. Damn this working thing.",,,
ham,None of that's happening til you get here though,,,
ham,Ha... Both of us doing e same thing. But i got tv 2 watch. U can thk of where 2 go tonight or u already haf smth in mind...,,,
ham,"Nothing much, chillin at home. Any super bowl plan?",,,
ham,New car and house for my parents.:)i have only new job in hand:),,,
ham,You call times job today ok umma and ask them to speed up,,,
ham,Boy you best get yo ass out here quick,,,
ham,"yeah, that's what I was thinking",,,
ham,I donno if they are scorable,,,
ham,"Nah, I'm a perpetual DD",,,
ham,"Sorry, I'll call later In meeting.",,,
spam,"Hack Chat. Get backdoor entry into 121 chat rooms at a fraction of the cost. Reply NEO69 or call 09050280520, to subscribe 25p pm. DPS, Bcm box 8027 Ldn, wc1n3xx",,,
ham,It should take about  &lt;#&gt;  min,,,
ham,"Ever green quote ever told by Jerry in cartoon \A Person Who Irritates u Always Is the one Who Loves u Vry Much But Fails to Express It...!..!! :-) :-) gud nyt""",,,
ham,Yay! You better not have told that to 5 other girls either.,,,
ham,I luv u soo much u donåÕt understand how special u r 2 me ring u 2morrow luv u xxx,,,
spam,PRIVATE! Your 2003 Account Statement for 07973788240 shows 800 un-redeemed S. I. M. points. Call 08715203649 Identifier Code: 40533 Expires 31/10/04,,,
ham,I'm in inside office..still filling forms.don know when they leave me.,,,
ham,"\Im at arestaurant eating squid! i will be out about 10:30 wanna dosomething or is that to late?\""""",,,
ham,"Lets use it next week, princess :)",,,
ham,No it will reach by 9 only. She telling she will be there. I dont know,,,
ham,CERI U REBEL! SWEET DREAMZ ME LITTLE BUDDY!! C YA 2MORO! WHO NEEDS BLOKES,,,
spam,"This is the 2nd time we have tried 2 contact u. U have won the 750 Pound prize. 2 claim is easy, call 08718726970 NOW! Only 10p per min. BT-national-rate ",,,
ham,Are you available for soiree on June 3rd?,,,
ham,Mmmmmmm *snuggles into you* ...*deep contented sigh* ... *whispers* ... I fucking love you so much I can barely stand it ...,,,
ham,Yup. Thk of u oso boring wat.,,,
ham,Juz go google n search 4 qet...,,,
spam,PRIVATE! Your 2004 Account Statement for 07742676969 shows 786 unredeemed Bonus Points. To claim call 08719180248 Identifier Code: 45239 Expires,,,
ham,We can go 4 e normal pilates after our intro...  ,,,
ham,Is toshiba portege m100 gd?,,,
ham,No drama Pls.i have had enough from you and family while i am struggling in the hot sun in a strange place.No reason why there should be an ego of not going 'IF NOT INVITED' when actually its necessity to go.wait for very serious reppurcussions.,,,
ham,Yun buying... But school got offer 2000 plus only...,,,
ham,Don't fret. I'll buy the ovulation test strips and send them to you. You wont get them til like march. Can you send me your postal address.u'll be alright.Okay.,,,
ham,So do you have samus shoulders yet,,,
ham,Can you please send me my aunty's number,,,
ham,You unbelievable faglord,,,
spam,"HOT LIVE FANTASIES call now 08707509020 Just 20p per min NTT Ltd, PO Box 1327 Croydon CR9 5WB 0870 is a national rate call",,,
ham,I reach home safe n sound liao...,,,
ham,Have you emigrated or something? Ok maybe 5.30 was a bit hopeful...,,,
ham,Then u ask darren go n pick u lor... But i oso sian tmr haf 2 meet lect...,,,
spam,"You've won tkts to the EURO2004 CUP FINAL or å£800 CASH, to collect CALL 09058099801 b4190604, POBOX 7876150ppm",,,
ham,Armand says get your ass over to epsilon,,,
ham,Waiting for your call.,,,
ham,"Sorry, I'll call later",,,
ham,In which place i can get rooms cheap:-),,,
ham,Yes.mum lookin strong:),,,
ham,I am in hospital da. . I will return home in evening,,,
ham,Well I wasn't available as I washob nobbing with last night so they had to ask Nickey Platt instead of me!;,,,
ham,I calls you later. Afternoon onwords mtnl service get problem in south mumbai. I can hear you but you cann't listen me.,,,
ham,hi baby im cruisin with my girl friend what r u up 2? give me a call in and hour at home if thats alright or fone me on this fone now love jenny xxx,,,
ham,Yeh. Indians was nice. Tho it did kane me off a bit he he. We shud go out 4 a drink sometime soon. Mite hav 2 go 2 da works 4 a laugh soon. Love Pete x x,,,
ham,Then she dun believe wat?,,,
ham,You need to get up. Now.,,,
ham,Ok ill send you with in  &lt;DECIMAL&gt;  ok.,,,
ham,Dont think so. It turns off like randomlly within 5min of opening,,,
ham,K..k.:)congratulation ..,,,
ham,"Well the weather in cali's great. But its complexities are great. You need a car to move freely, its taxes are outrageous. But all in all its a great place. The sad part is i missing home.",,,
ham,"Im sorry bout last nite it wasnåÕt ur fault it was me, spouse it was pmt or sumthin! U 4give me? I think u shldxxxx",,,
ham,Then what about further plan?,,,
ham,I like you peoples very much:) but am very shy pa.,,,
ham,I'll be late...,,,
ham,"U wake up already? Wat u doing? U picking us up later rite? I'm taking sq825, reaching ard 7 smth 8 like dat. U can check e arrival time. C ya soon...",,,
ham,Can u get pic msgs to your phone?,,,
spam,UR awarded a City Break and could WIN a å£200 Summer Shopping spree every WK. Txt STORE to 88039.SkilGme.TsCs087147403231Winawk!Age16+å£1.50perWKsub,,,
spam,You have won a guaranteed 32000 award or maybe even å£1000 cash to claim ur award call free on 0800 ..... (18+). Its a legitimat efreefone number wat do u think???,,,
ham,"Hello, my love! How goes that day ? I wish your well and fine babe and hope that you find some job prospects. I miss you, boytoy ... *a teasing kiss*",,,
ham,Then cant get da laptop? My matric card wif Ì_ lei... ,,,
ham,Let me know when you've got the money so carlos can make the call,,,
ham,Hi. I'm always online on yahoo and would like to chat with you someday,,,
ham,Oh is it! Which brand?,,,
ham,"Hi, my love! How goes that day? Fuck, this morning I woke and dropped my cell on the way down the stairs but it seems alright ... *phews* I miss you !",,,
ham,Sorry that was my uncle. I.ll keep in touch,,,
ham,Have a good trip. Watch out for . Remember when you get back we must decide about easter.,,,
ham,Ok. She'll be ok. I guess,,,
ham,Kind of. Took it to garage. Centre part of exhaust needs replacing. Part ordered n taking it to be fixed tomo morning.,,,
ham,cThen i thk shd b enuff.. Still got conclusion n contents pg n references.. I'll b doing da contents pg n cover pg..,,,
ham,ÌÏ mean it's confirmed... I tot they juz say oni... Ok then... ,,,
ham,Goodnight da thangam I really miss u dear.,,,
spam,Camera - You are awarded a SiPix Digital Camera! call 09061221066 fromm landline. Delivery within 28 days.,,,
ham,Fine i miss you very much.,,,
ham,HI ITS KATE CAN U GIVE ME A RING ASAP XXX,,,
ham,"Probably gonna be here for a while, see you later tonight &lt;)",,,
ham,WOT U WANNA DO THEN MISSY?,,,
ham,"Fyi I'm taking a quick shower, be at epsilon in like  &lt;#&gt;  min",,,
spam,"Fantasy Football is back on your TV. Go to Sky Gamestar on Sky Active and play å£250k Dream Team. Scoring starts on Saturday, so register now!SKY OPT OUT to 88088",,,
ham,Maybe i could get book out tomo then return it immediately ..? Or something.,,,
ham,"The word \Checkmate\"" in chess comes from the Persian phrase \""Shah Maat\"" which means; \""the king is dead..\"" Goodmorning.. Have a good day..:)""",,,
ham,"Whenevr ur sad, Whenevr ur gray, Remembr im here 2 listn 2 watevr u wanna say, Jus walk wid me a little while,&amp; I promise I'll bring back ur smile.:-)",,,
ham,No one interested. May be some business plan.,,,
ham,How have your little darlings been so far this week? Need a coffee run tomo?Can't believe it's that time of week already Û_,,,
ham,Its sunny in california. The weather's just cool,,,
ham,You have to pls make a note of all she.s exposed to. Also find out from her school if anyone else was vomiting. Is there a dog or cat in the house? Let me know later.,,,
ham,Oh just getting even with u.... u?,,,
ham,If india win or level series means this is record:),,,
ham,I've got it down to a tea. not sure which flavour,,,
ham,"Somewhr someone is surely made 4 u. And God has decided a perfect time to make u meet dat person. . . . till den, . . . . . Enjoy ur crushes..!!!;-)",,,
ham,1Apple/Day=No Doctor. 1Tulsi Leaf/Day=No Cancer. 1Lemon/Day=No Fat. 1Cup Milk/day=No Bone Problms 3 Litres Watr/Day=No Diseases Snd ths 2 Whom U Care..:-),,,
ham,"Yo, you gonna still be in stock tomorrow/today? I'm trying to get a dubsack",,,
spam,BIG BROTHER ALERT! The computer has selected u for 10k cash or #150 voucher. Call 09064018838. NTT PO Box CRO1327 18+ BT Landline Cost 150ppm mobiles vary,,,
ham,I had askd u a question some hours before. Its answer,,,
ham,Hi mate its RV did u hav a nice hol just a message 3 say hello coz havenåÕt sent u 1 in ages started driving so stay off roads!RVx,,,
ham,Convey my regards to him,,,
ham,"As I entered my cabin my PA said, '' Happy B'day Boss !!''. I felt special. She askd me 4 lunch. After lunch she invited me to her apartment. We went there.",,,
ham,"Sir, Waiting for your mail.",,,
ham,Guai... ÌÏ shd haf seen him when he's naughty... ÌÏ so free today? Can go jogging...,,,
ham,"Cool, text me when you head out",,,
ham,"Hello, my boytoy! I made it home and my constant thought is of you, my love. I hope your having a nice visit but I can't wait till you come home to me ...*kiss*",,,
ham,Just trying to figure out when I'm suppose to see a couple different people this week. We said we'd get together but I didn't set dates,,,
ham,Water logging in desert. Geoenvironmental implications.,,,
ham,What time you think you'll have it? Need to know when I should be near campus,,,
ham,With my sis lor... We juz watched italian job.,,,
spam,The current leading bid is 151. To pause this auction send OUT. Customer Care: 08718726270,,,
spam,FREE for 1st week! No1 Nokia tone 4 ur mobile every week just txt NOKIA to 8077 Get txting and tell ur mates. www.getzed.co.uk POBox 36504 W45WQ 16+ norm150p/tone,,,
ham,I know I'm lacking on most of this particular dramastorm's details but for the most part I'm not worried about that,,,
ham,When you are big..| God will bring success.,,,
spam,CALL 09090900040 & LISTEN TO EXTREME DIRTY LIVE CHAT GOING ON IN THE OFFICE RIGHT NOW TOTAL PRIVACY NO ONE KNOWS YOUR [sic] LISTENING 60P MIN 24/7MP 0870753331018+,,,
ham,Yo dude guess who just got arrested the other day,,,
spam,"Latest News! Police station toilet stolen, cops have nothing to go on!",,,
spam,Ur ringtone service has changed! 25 Free credits! Go to club4mobiles.com to choose content now! Stop? txt CLUB STOP to 87070. 150p/wk Club4 PO Box1146 MK45 2WT,,,
ham,"\SYMPTOMS\"" when U are in love: \""1.U like listening songs 2.U get stopped where u see the name of your beloved 3.U won't get angry when your""",,,
ham,"Hey...Great deal...Farm tour 9am to 5pm $95/pax, $50 deposit by 16 May",,,
ham,I am taking half day leave bec i am not well,,,
ham,I'm at work. Please call,,,
ham,S:)no competition for him.,,,
ham,I'm really sorry I lit your hair on fire,,,
ham,K.k.how is your business now?,,,
ham,Yo guess what I just dropped,,,
ham,S...from the training manual it show there is no tech process:)its all about password reset and troubleshooting:),,,
ham,You have registered Sinco as Payee. Log in at icicibank.com and enter URN  &lt;#&gt;  to confirm. Beware of frauds. Do NOT share or disclose URN to anyone.,,,
spam,URGENT! We are trying to contact you. Last weekends draw shows that you have won a å£900 prize GUARANTEED. Call 09061701851. Claim code K61. Valid 12hours only,,,
ham,Just buy a pizza. Meat lovers or supreme. U get to pick.,,,
