v1,v2,Unnamed: 2,Unnamed: 3,Unnamed: 4
spam,"You have been specially selected to receive a \3000 award! Call 08712402050 BEFORE the lines close. Cost 10ppm. 16+. T&Cs apply. AG Promo""",,,
ham,That's y i said it's bad dat all e gals know u... Wat u doing now?,,,
ham,Went fast asleep dear.take care.,,,
ham,HI ITS JESS I DONT KNOW IF YOU ARE AT WORK BUT CALL ME WHEN U CAN IM AT HOME ALL EVE. XXX,,,
spam,Get a FREE mobile video player FREE movie. To collect text GO to 89105. Its free! Extra films can be ordered t's and c's apply. 18 yrs only,,,
ham,No go. No openings for that room 'til after thanksgiving without an upcharge.,,,
ham,Painful words- \I thought being Happy was the most toughest thing on Earth... But," the toughest is acting Happy with all unspoken pain inside..\""""",,
ham,"Yes but i dont care! I need you bad, princess!",,,
ham,"Hey chief, can you give me a bell when you get this. Need to talk to you about this royal visit on the 1st june. ",,,
ham,"7 wonders in My WORLD 7th You 6th Ur style 5th Ur smile 4th Ur Personality 3rd Ur Nature 2nd Ur SMS and 1st \Ur Lovely Friendship\""... good morning dear""",,,
ham,5 nights...We nt staying at port step liao...Too ex,,,
ham,Ryder unsold.now gibbs.,,,
ham,Men like shorter ladies. Gaze up into his eyes.,,,
ham,"It's fine, imma get a drink or somethin. Want me to come find you?",,,
ham,"Sorry, I'll call later",,,
ham,I want  &lt;#&gt;  rs da:)do you have it?,,,
spam,Well done ENGLAND! Get the official poly ringtone or colour flag on yer mobile! text TONE or FLAG to 84199 NOW! Opt-out txt ENG STOP. Box39822 W111WX å£1.50,,,
ham,Are you going to write ccna exam this week??,,,
ham,Slaaaaave ! Where are you ? Must I summon you to me all the time now ? Don't you wish to come to me on your own anymore?,,,
spam,URGENT! We are trying to contact U. Todays draw shows that you have won a å£2000 prize GUARANTEED. Call 09066358361 from land line. Claim Y87. Valid 12hrs only,,,
ham,In life when you face choices Just toss a coin not becoz its settle the question But while the coin in the air U will know what your heart is hoping for. Gudni8,,,
spam,100 dating service cal;l 09064012103 box334sk38ch,,,
spam,Please call our customer service representative on 0800 169 6031 between 10am-9pm as you have WON a guaranteed å£1000 cash or å£5000 prize!,,,
ham,"Yeah, probably earlier than that",,,
ham,"Mmmmmm ... I love you,so much, Ahmad ... I can't wait for this year to begin as every second takes me closer to being at your side. Happy New Year, my love!!",,,
spam,u r a winner U ave been specially selected 2 receive å£1000 cash or a 4* holiday (flights inc) speak to a live operator 2 claim 0871277810710p/min (18 ),,,
ham,But your brother transfered only  &lt;#&gt;  +  &lt;#&gt; . Pa.,,,
ham,"I'm a guy, browsin is compulsory",,,
ham,Rightio. 11.48 it is then. Well arent we all up bright and early this morning.,,,
ham,May i call You later Pls,,,
ham,My battery is low babe,,,
ham,Ha ha ha good joke. Girls are situation seekers.,,,
spam,PRIVATE! Your 2003 Account Statement for shows 800 un-redeemed S. I. M. points. Call 08715203694 Identifier Code: 40533 Expires 31/10/04,,,
ham,Ok i go change also...,,,
ham,Send his number and give reply tomorrow morning for why you said that to him like that ok,,,
ham,I sent them. Do you like?,,,
spam,YOU ARE CHOSEN TO RECEIVE A å£350 AWARD! Pls call claim number 09066364311 to collect your award which you are selected to receive as a valued mobile customer.,,,
ham,Nooooooo I'm gonna be bored to death all day. Cable and internet outage.,,,
ham,How abt making some of the pics bigger?,,,
spam,"Thank you, winner notified by sms. Good Luck! No future marketing reply STOP to 84122 customer services 08450542832",,,
ham,This is wishing you a great day. Moji told me about your offer and as always i was speechless. You offer so easily to go to great lengths on my behalf and its stunning. My exam is next friday. After that i will keep in touch more. Sorry.,,,
ham,Oh...i asked for fun. Haha...take care. Ì_,,,
ham,Tell my  bad character which u Dnt lik in me. I'll try to change in  &lt;#&gt; . I ll add tat 2 my new year resolution. Waiting for ur reply.Be frank...good morning.,,,
ham,You intrepid duo you! Have a great time and see you both soon. ,,,
ham,O. Well uv causes mutations. Sunscreen is like essential thesedays,,,
ham,"Sir, I have been late in paying rent for the past few months and had to pay a $ &lt;#&gt;  charge. I felt it would be inconsiderate of me to nag about something you give at great cost to yourself and that's why i didnt speak up. I however am in a recession and wont be able to pay the charge this month hence my askin well ahead of month's end. Can you please help. Thanks",,,
ham,"And stop wondering \wow is she ever going to stop tm'ing me ?!\"" because I will tm you whenever I want because you are MINE ... *laughs*""",,,
ham,No shoot me. I'm in the docs waiting room. :/,,,
ham,No it's waiting in e car dat's bored wat. Cos wait outside got nothing 2 do. At home can do my stuff or watch tv wat.,,,
ham,Do you know when the result.,,,
ham,Thanx u darlin!im cool thanx. A few bday drinks 2 nite. 2morrow off! Take care c u soon.xxx,,,
spam,Not heard from U4 a while. Call 4 rude chat private line 01223585334 to cum. Wan 2C pics of me gettin shagged then text PIX to 8552. 2End send STOP 8552 SAM xxx,,,
ham,I'm home. Ard wat time will u reach?,,,
ham,"What i mean was i left too early to check, cos i'm working a 9-6.",,,
spam,Ringtone Club: Gr8 new polys direct to your mobile every week !,,,
ham,Great! I hope you like your man well endowed. I am  &lt;#&gt;  inches...,,,
ham,Thankyou so much for the call. I appreciate your care.,,,
ham,Get down in gandhipuram and walk to cross cut road. Right side &lt;#&gt; street road and turn at first right.,,,
ham,"Sorry, I'll call later",,,
ham,Me too. Mark is taking forever to pick up my prescription and the pain is coming back.,,,
ham,Yupz... I've oredi booked slots 4 my weekends liao... ,,,
ham,"Gal n boy walking in d park. gal-can i hold ur hand? boy-y? do u think i would run away? gal-no, jst wana c how it feels walking in heaven with an prince..GN:-)",,,
ham,"God picked up a flower and dippeditinaDEW, lovingly touched itwhichturnedinto u, and the he gifted tomeandsaid,THIS FRIEND IS 4U",,,
spam,A å£400 XMAS REWARD IS WAITING FOR YOU! Our computer has randomly picked you from our loyal mobile customers to receive a å£400 reward. Just call 09066380611,,,
ham,Ok lor... Or u wan me go look 4 u?,,,
ham,Lol I know! They're so dramatic. Schools already closed for tomorrow. Apparently we can't drive in the inch of snow were supposed to get.,,,
spam,Todays Vodafone numbers ending with 4882 are selected to a receive a å£350 award. If your number matches call 09064019014 to receive your å£350 award.,,,
ham,So u wan 2 come for our dinner tonight a not?,,,
ham,"I got like $ &lt;#&gt; , I can get some more later though. Get whatever you feel like",,,
ham,Please attend the phone:),,,
spam,PRIVATE! Your 2003 Account Statement for shows 800 un-redeemed S.I.M. points. Call 08718738001 Identifier Code: 49557 Expires 26/11/04,,,
ham,You are gorgeous! keep those pix cumming :) thank you!,,,
ham,Hows that watch resizing,,,
ham,R U &SAM P IN EACHOTHER. IF WE MEET WE CAN GO 2 MY HOUSE,,,
ham,But i'm really really broke oh. No amount is too small even  &lt;#&gt; ,,,
spam,"5 Free Top Polyphonic Tones call 087018728737, National Rate. Get a toppoly tune sent every week, just text SUBPOLY to 81618, å£3 per pole. UnSub 08718727870.",,,
ham,Wife.how she knew the time of murder exactly,,,
ham,Then ur physics get a-?,,,
ham,"Wen ur lovable bcums angry wid u, dnt take it seriously.. Coz being angry is d most childish n true way of showing deep affection, care n luv!.. kettoda manda... Have nice day da.",,,
ham,Ok then no need to tell me anything i am going to sleep good night,,,
ham,Mm that time you dont like fun,,,
ham,Do u noe wat time e place dat sells 4d closes?,,,
ham,"Sure, whenever you show the fuck up &gt;:(",,,
ham,"Sez, hows u & de arab boy? Hope u r all good give my love 2 evry1 love ya eshxxxxxxxxxxx",,,
ham,Am I the only one who doesn't stalk profiles?,,,
ham,"I call you later, don't have network. If urgnt, sms me.",,,
ham,Should I have picked up a receipt or something earlier,,,
ham,Of course. I guess god's just got me on hold right now.,,,
ham,Aiyo u so poor thing... Then u dun wan 2 eat? U bathe already?,,,
ham,There are no other charges after transfer charges and you can withdraw anyhow you like,,,
ham,Your gonna have to pick up a $1 burger for yourself on your way home. I can't even move. Pain is killing me.,,,
ham,"Wishing you and your family Merry \X\"" mas and HAPPY NEW Year in advance..""",,,
spam,PRIVATE! Your 2003 Account Statement for 07808 XXXXXX shows 800 un-redeemed S. I. M. points. Call 08719899217 Identifier Code: 41685 Expires 07/11/04,,,
ham,"So you think i should actually talk to him? Not call his boss in the morning? I went to this place last year and he told me where i could go and get my car fixed cheaper. He kept telling me today how much he hoped i would come back in, how he always regretted not getting my number, etc.",,,
ham,7 lor... Change 2 suntec... Wat time u coming?,,,
ham,I cant pick the phone right now. Pls send a message,,,
ham,Yeah imma come over cause jay wants to do some drugs,,,
ham,Yup but it's not giving me problems now so mayb i'll jus leave it...,,,
ham,Okie but i scared u say i fat... Then u dun wan me already...,,,
spam,Cashbin.co.uk (Get lots of cash this weekend!) www.cashbin.co.uk Dear Welcome to the weekend We have got our biggest and best EVER cash give away!! These..,,,
ham,Remember on that day..,,,
ham,Thanks. Fills me with complete calm and reassurance! ,,,
ham,How much i gave to you. Morning.,,,
ham,Ma head dey swell oh. Thanks for making my day,,,
ham,Msg me when rajini comes.,,,
spam,From next month get upto 50% More Calls 4 Ur standard network charge 2 activate Call 9061100010 C Wire3.net 1st4Terms PoBox84 M26 3UZ Cost å£1.50 min MobcudB more,,,
ham,Hi Petey!noiåÕm ok just wanted 2 chat coz avent spoken 2 u 4 a long time-hope ur doin alrite.have good nit at js love ya am.x,,,
ham,Mm not entirely sure i understood that text but hey. Ho. Which weekend?,,,
ham,I want to sent  &lt;#&gt; mesages today. Thats y. Sorry if i hurts,,,
ham,What u talking bout early morning? It's almost noon where your at!,,,
ham,Hey tmr meet at bugis 930 ?,,,
ham,What you thinked about me. First time you saw me in class.,,,
ham,Even i cant close my eyes you are in me our vava playing umma :-D,,,
spam,Congratulations ur awarded 500 of CD vouchers or 125gift guaranteed & Free entry 2 100 wkly draw txt MUSIC to 87066 TnCs www.Ldew.com1win150ppmx3age16,,,
ham,So dont use hook up any how,,,
ham,I like dis sweater fr mango but no more my size already so irritating.,,,
ham,"U need my presnts always bcz U cant mis love. \jeevithathile irulinae neekunna prakasamanu sneham\"" prakasam ennal prabha 'That mns prabha is'LOVE' Got it. Dont mis me....""",,,
ham,I actually did for the first time in a while. I went to bed not too long after i spoke with you. Woke up at 7. How was your night?,,,
spam,"Wan2 win a Meet+Greet with Westlife 4 U or a m8? They are currently on what tour? 1)Unbreakable, 2)Untamed, 3)Unkempt. Text 1,2 or 3 to 83049. Cost 50p +std text",,,
ham,Yo theres no class tmrw right?,,,
ham,Die... Now i have e toot fringe again...,,,
ham,I uploaded mine to Facebook,,,
ham,There the size of elephant tablets & u shove um up ur ass!!,,,
ham,What u mean u almost done? Done wif sleeping? But i tot u going to take a nap.. Yup i send her liao so i'm picking her up at ard 4 smth lor..,,,
ham,Or maybe my fat fingers just press all these buttons and it doesn't know what to do.,,,
ham,Annoying isn't it.,,,
ham,Nope wif my sis lor... Aft bathing my dog then i can bathe... Looks like it's going 2 rain soon.,,,
ham,Wat uniform? In where get?,,,
ham,IM FINE BABES AINT BEEN UP 2 MUCH THO! SAW SCARY MOVIE YEST ITS QUITE FUNNY! WANT 2MRW AFTERNOON? AT TOWN OR MALL OR SUMTHIN?xx,,,
ham,All e best 4 ur driving tmr :-),,,
ham,will you like to be spoiled? :),,,
ham,"Miss ya, need ya, want ya, love ya.",,,
ham,Hey. You got any mail?,,,
spam,Last chance 2 claim ur å£150 worth of discount vouchers-Text YES to 85023 now!SavaMob-member offers mobile T Cs 08717898035. å£3.00 Sub. 16 . Remove txt X or STOP,,,
ham,No. Yes please. Been swimming?,,,
ham,Oh unintentionally not bad timing. Great. Fingers  the trains play along! Will give fifteen min warning.,,,
ham,Great. Never been better. Each day gives even more reasons to thank God,,,
ham,"Dear,shall mail tonite.busy in the street,shall update you tonite.things are looking ok.varunnathu edukkukayee raksha ollu.but a good one in real sense.",,,
ham,That's necessarily respectful,,,
spam,You are a winner U have been specially selected 2 receive å£1000 cash or a 4* holiday (flights inc) speak to a live operator 2 claim 0871277810810,,,
ham,"Imagine you finally get to sink into that bath after I have put you through your paces, maybe even having you eat me for a while before I left ... But also imagine the feel of that cage on your cock surrounded by the bath water, reminding you always who owns you ... Enjoy, my cuck",,,
ham,Lol! U drunkard! Just doing my hair at d moment. Yeah still up 4 tonight. Wats the plan? ,,,
spam,Dear Voucher holder Have your next meal on us. Use the following link on your pc 2 enjoy a 2 4 1 dining experiencehttp://www.vouch4me.com/etlp/dining.asp,,,
ham,"I promise to take good care of you, princess. I have to run now. Please send pics when you get a chance. Ttyl!",,,
ham,Your opinion about me? 1. Over 2. Jada 3. Kusruthi 4. Lovable 5. Silent 6. Spl character 7. Not matured 8. Stylish 9. Simple Pls reply..,,,
ham,What happen dear tell me,,,
ham,Thank you princess! I want to see your nice juicy booty...,,,
ham,"4 tacos + 1 rajas burrito, right?",,,
ham,Already one guy loving you:-.,,,
ham,When are you going to ride your bike?,,,
ham,Yeah just open chat and click friend lists. Then make the list. Easy as pie,,,
ham,"Ya tel, wats ur problem..",,,
ham,Ok anyway no need to change with what you said,,,
ham,Up to Ì_... ÌÏ wan come then come lor... But i din c any stripes skirt...,,,
spam,25p 4 alfie Moon's Children in need song on ur mob. Tell ur m8s. Txt Tone charity to 8007 for Nokias or Poly charity for polys: zed 08701417012 profit 2 charity.,,,
ham,I wont touch you with out your permission.,,,
ham,How's ur paper?,,,
ham,"Cool, text me when you're ready",,,
ham,Oh... Kay... On sat right?,,,
ham,Yes. I come to nyc for audiitions and am trying to relocate.,,,
ham, &lt;#&gt;  in mca. But not conform.,,,
ham,Ok both our days. So what are you making for dinner tonite? Am I invited?,,,
ham,Hey... What time is your driving on fri? We go for evaluation on fri?,,,
ham,Hey what's up charles sorry about the late reply.,,,
ham,Ok,,,
ham,"I didnt get ur full msg..sometext is missing, send it again",,,
ham,I can ask around but there's not a lot in terms of mids up here,,,
spam,Talk sexy!! Make new friends or fall in love in the worlds most discreet text dating service. Just text VIP to 83110 and see who you could meet.,,,
ham,I'm doing da intro covers energy trends n pros n cons... Brief description of nuclear fusion n oso brief history of iter n jet got abt 7 n half pages..,,,
ham,Mum say we wan to go then go... Then she can shun bian watch da glass exhibition... ,,,
ham,Ard 530 lor. I ok then message Ì_ lor.,,,
spam,Get your garden ready for summer with a FREE selection of summer bulbs and seeds worth å£33:50 only with The Scotsman this Saturday. To stop go2 notxt.co.uk,,,
ham,Thank you princess! You are so sexy...,,,
ham,Thanks for loving me so. You rock,,,
ham,"Sir, I need AXIS BANK account no and bank address.",,,
ham,Its not that time of the month nor mid of the time?,,,
ham,Boy; I love u Grl: Hogolo Boy: gold chain kodstini Grl: Agalla Boy: necklace madstini Grl: agalla Boy: Hogli 1 mutai eerulli kodthini! Grl: I love U kano;-),,,
spam,"Gr8 Poly tones 4 ALL mobs direct 2u rply with POLY TITLE to 8007 eg POLY BREATHE1 Titles: CRAZYIN, SLEEPINGWITH, FINEST, YMCA :getzed.co.uk POBox365O4W45WQ 300p",,,
ham,I (Career Tel) have added u as a contact on INDYAROCKS.COM to send FREE SMS. To remove from phonebook - sms NO to  &lt;#&gt;,,,
ham,"Are you being good, baby? :)",,,
ham,Captain vijaykanth is doing comedy in captain tv..he is drunken :),,,
ham,DonÛ÷t give a flying monkeys wot they think and I certainly donÛ÷t mind. Any friend of mine and all that!,,,
ham,What should i eat fo lunch senor,,,
ham,Lol I would but my mom would have a fit and tell the whole family how crazy and terrible I am,,,
ham,Allo! We have braved the buses and taken on the trains and triumphed. I mean weÛ÷re in bÛ÷ham. Have a jolly good rest of week,,,
spam,"FreeMsg Hey there darling it's been 3 week's now and no word back! I'd like some fun you up for it still? Tb ok! XxX std chgs to send, å£1.50 to rcv",,,
ham,There's no point hangin on to mr not right if he's not makin u happy,,,
spam,YES! The only place in town to meet exciting adult singles is now in the UK. Txt CHAT to 86688 now! 150p/Msg.,,,
ham,Dear good morning now only i am up,,,
spam,Welcome! Please reply with your AGE and GENDER to begin. e.g 24M,,,
ham,So u workin overtime nigpun?,,,
ham,Dunno i juz askin cos i got a card got 20% off 4 a salon called hair sense so i tot it's da one Ì_ cut ur hair. ,,,
ham,"Carlos is down but I have to pick it up from him, so I'll swing by usf in a little bit",,,
ham,Not planned yet :)going to join company on jan 5 only.don know what will happen after that.,,,
ham,We left already we at orchard now.,,,
ham,Yeah whatever lol,,,
ham,How are you holding up?,,,
ham,Been running but only managed 5 minutes and then needed oxygen! Might have to resort to the roller option!,,,
spam,TheMob>Yo yo yo-Here comes a new selection of hot downloads for our members to get for FREE! Just click & open the next link sent to ur fone...,,,
spam,You are a winner U have been specially selected 2 receive å£1000 or a 4* holiday (flights inc) speak to a live operator 2 claim 0871277810910p/min (18+) ,,,
ham,"Yup. Anything lor, if u dun wan it's ok...",,,
spam,We tried to call you re your reply to our sms for a video mobile 750 mins UNLIMITED TEXT free camcorder Reply or call now 08000930705 Del Thurs,,,
ham,I'll probably be around mu a lot,,,
ham,"1) Go to write msg 2) Put on Dictionary mode 3)Cover the screen with hand, 4)Press  &lt;#&gt; . 5)Gently remove Ur hand.. Its interesting..:)",,,
ham,"No, its true..k,Do u knw dis no. &lt;#&gt; ?",,,
spam,"As a valued customer, I am pleased to advise you that following recent review of your Mob No. you are awarded with a å£1500 Bonus Prize, call 09066364589",,,
spam,Congrats! Nokia 3650 video camera phone is your Call 09066382422 Calls cost 150ppm Ave call 3mins vary from mobiles 16+ Close 300603 post BCM4284 Ldn WC1N3XX,,,
ham,How come u got nothing to do?,,,
ham,Boooo you always work. Just quit.,,,
ham,thanks for the temales it was wonderful. Thank. Have a great week.,,,
ham,Lol its ok I didn't remember til last nite,,,
ham,"Yar lor he wan 2 go c horse racing today mah, so eat earlier lor. I ate chicken rice. U?",,,
ham,I like cheap! But iÛ÷m happy to splash out on the wine if it makes you feel better..,,,
ham,"That's very rude, you on campus?",,,
ham,Why you keeping me away like this,,,
ham,Thx. All will be well in a few months,,,
ham,First has she gained more than  &lt;#&gt; kg since she took in. Second has she done the blood sugar tests. If she has and its ok and her blood pressure is within normal limits then no worries,,,
ham,He said i look pretty wif long hair wat. But i thk he's cutting quite short 4 me leh.,,,
spam,Free video camera phones with Half Price line rental for 12 mths and 500 cross ntwk mins 100 txts. Call MobileUpd8 08001950382 or Call2OptOut/674&,,,
ham,Will be out of class in a few hours. Sorry,,,
ham,* Am on my way,,,
ham,"Wow ... I love you sooo much, you know ? I can barely stand it ! I wonder how your day goes and if you are well, my love ... I think of you and miss you",,,
ham,Thanks honey. Have a great day.,,,
ham,"Oh, yes, I've just been a little under the weather so i've kind of been coccooning at home",,,
spam,"Urgent! call 09066612661 from landline. Your complementary 4* Tenerife Holiday or å£10,000 cash await collection SAE T&Cs PO Box 3 WA14 2PX 150ppm 18+ Sender: Hol Offer",,,
ham,Glad it went well :) come over at 11 then we'll have plenty of time before claire goes to work.,,,
ham,Im just wondering what your doing right now?,,,
ham,"Like I made him throw up when we were smoking in our friend's car one time, it was awesome",,,
ham,Also andros ice etc etc,,,
ham,Dad says hurry the hell up,,,
spam,SplashMobile: Choose from 1000s of gr8 tones each wk! This is a subscrition service with weekly tones costing 300p. U have one credit - kick back and ENJOY,,,
ham,I.ll hand her my phone to chat wit u,,,
ham,"Night night, see you tomorrow",,,
ham,Haha... Hope Ì_ can hear the receipt sound... Gd luck!,,,
ham,Hi dude hw r u da realy mising u today,,,
ham,Wat time Ì_ finish?,,,
ham,"Hi the way I was with u 2day, is the normal way&this is the real me. UR unique&I hope I know u 4 the rest of mylife. Hope u find wot was lost.",,,
ham,"Hi, Mobile no.  &lt;#&gt;  has added you in their contact list on www.fullonsms.com It s a great place to send free sms to people For more visit fullonsms.com",,,
spam,Free Top ringtone -sub to weekly ringtone-get 1st week free-send SUBPOLY to 81618-?3 per week-stop sms-08718727870,,,
ham,I wil be there with in  &lt;#&gt;  minutes. Got any space,,,
ham,"Goodmorning, Today i am late for  &lt;#&gt; min.",,,
ham,"Sorry, I'll call later",,,
ham,Smile in Pleasure Smile in Pain Smile when trouble pours like Rain Smile when sum1 Hurts U Smile becoz SOMEONE still Loves to see u Smiling!!,,,
ham,I can make lasagna for you... vodka...,,,
ham,Oh god..taken the teeth?is it paining,,,
ham,Lol well don't do it without me. We could have a big sale together.,,,
ham,Am in gobi arts college,,,
ham,"Nah I don't think he goes to usf, he lives around here though",,,
ham,"Nah, Wednesday. When should I bring the mini cheetos bag over?",,,
ham,Not directly behind... Abt 4 rows behind Ì_...,,,
ham,Well she's in for a big surprise!,,,
spam,SMS. ac sun0819 posts HELLO:\You seem cool," wanted to say hi. HI!!!\"" Stop? Send STOP to 62468""",,
ham,Lol that's different. I don't go trying to find every real life photo you ever took.,,,
spam,PRIVATE! Your 2003 Account Statement for shows 800 un-redeemed S. I. M. points. Call 08719899230 Identifier Code: 41685 Expires 07/11/04,,,
ham,Delhi and chennai still silent.,,,
ham,Does not operate after  &lt;#&gt;  or what,,,
ham,I think chennai well settled?,,,
ham,Have a good evening! Ttyl,,,
ham,If you hear a loud scream in about &lt;#&gt; minutes its cause my Gyno will be shoving things up me that don't belong :/,,,
ham,But i'm surprised she still can guess right lor...,,,
ham,Ya just telling abt tht incident..,,,
ham,Mmmm ... Fuck ... Not fair ! You know my weaknesses ! *grins* *pushes you to your knee's* *exposes my belly and pulls your head to it* Don't forget ... I know yours too *wicked smile*,,,
ham,R we going with the  &lt;#&gt;  bus?,,,
spam,You won't believe it but it's true. It's Incredible Txts! Reply G now to learn truly amazing things that will blow your mind. From O2FWD only 18p/txt,,,
ham,"Come to me right now, Ahmad",,,
ham,Hello. They are going to the village pub at 8 so either come here or there accordingly. Ok?,,,
ham,At home watching tv lor.,,,
ham,Dear i am not denying your words please,,,
ham,"They can try! They can get lost, in fact. Tee hee",,,
ham,Hey so whats the plan this sat? ,,,
ham,"Dunno, my dad said he coming home 2 bring us out 4 lunch. Yup i go w u lor. I call u when i reach school lor...",,,
ham,Hey are you angry with me. Reply me dr.,,,
ham,"Just making dinner, you ?",,,
ham,"TODAY is Sorry day.! If ever i was angry with you, if ever i misbehaved or hurt you? plz plz JUST SLAP URSELF Bcoz, Its ur fault, I'm basically GOOD",,,
ham,Not a lot has happened here. Feels very quiet. Beth is at her aunts and charlie is working lots. Just me and helen in at the mo. How have you been? ,,,
spam,"FreeMsg Why haven't you replied to my text? I'm Randy, sexy, female and live local. Luv to hear from u. Netcollex Ltd 08700621170150p per msg reply Stop to end",,,
ham,I only work from mon to thurs but Sat i cant leh... Booked liao... Which other day u free?,,,
ham,Just wanted to say holy shit you guys weren't kidding about this bud,,,
ham,Buzzzz! *grins* Did I buzz your ass? Buzz your chest ? Buzz your cock ? Where do you keep your phone ? Is the vibrator on ? Did you feel it shake ?,,,
ham,Smile in Pleasure Smile in Pain Smile when trouble pours like Rain Smile when sum1 Hurts U Smile becoz SOMEONE still Loves to see u Smiling!!,,,
ham,And whenever you and i see we can still hook up too.,,,
ham,Rats. Hey did u ever vote for the next themes?,,,
ham,Good. Good job. I like entrepreneurs,,,
ham,"Beautiful Truth against Gravity.. Read carefully: \Our heart feels light when someone is in it.. But it feels very heavy when someone leaves it..\"" GOODMORNING""",,,
ham,When you guys planning on coming over?,,,
ham,These won't do. Have to move on to morphine,,,
ham,Ok... Then r we meeting later?,,,
ham,Aight sorry I take ten years to shower. What's the plan?,,,
ham,Never try alone to take the weight of a tear that comes out of ur heart and falls through ur eyes... Always remember a STUPID FRIEND is here to share... BSLVYL,,,
spam,ringtoneking 84484,,,
ham,"Yo, I'm at my parents' gettin cash. Good news: we picked up a downstem",,,
ham,"Ooh, 4got, i'm gonna start belly dancing in moseley weds 6.30 if u want 2 join me, they have a cafe too. ",,,
ham,"Good good, billy mates all gone. Just been jogging, again! Did enjoy concert?",,,
spam,Free entry in 2 a wkly comp to win FA Cup final tkts 21st May 2005. Text FA to 87121 to receive entry question(std txt rate)T&C's apply 08452810075over18's,,,
ham,Thats cool. How was your day?,,,
ham,You want to go? ,,,
ham,We still on for tonight?,,,
ham,So wat's da decision?,,,
ham,"When you get free, call me",,,
ham,i am going to bed now prin,,,
ham,Prof: you have passed in all the papers in this sem congrats . . . . Student: Enna kalaachutaarama..!! Prof:???? Gud mrng!,,,
ham,Come to medical college at 7pm ......forward it da,,,
ham,"Hey doc pls I want to get nice t shirt for my hubby nice fiting ones my budget is  &lt;#&gt; k help pls I will load d card abi hw,keep me posted luv. 2 mj",,,
ham,Stupid.its not possible,,,
ham,Well at this right I'm gonna have to get up and check today's steam sales/pee so text me when you want me to come get you,,,
spam,"500 New Mobiles from 2004, MUST GO! Txt: NOKIA to No: 89545 & collect yours today!From ONLY å£1 www.4-tc.biz 2optout 087187262701.50gbp/mtmsg18",,,
ham,"LOOK AT AMY URE A BEAUTIFUL, INTELLIGENT WOMAN AND I LIKE U A LOT. I KNOW U DONåÕT LIKE ME LIKE THAT SO DONåÕT WORRY.",,,
ham,Poor girl can't go one day lmao,,,
ham,"Indians r poor but India is not a poor country. Says one of the swiss bank directors. He says that \ &lt;#&gt;  lac crore\"" of Indian money is deposited in swiss banks which can be used for 'taxless' budget for  &lt;#&gt;  yrs. Can give  &lt;#&gt;  crore jobs to all Indians. From any village to Delhi 4 lane roads. Forever free power suply to more than  &lt;#&gt;  social projects. Every citizen can get monthly  &lt;#&gt; /- for  &lt;#&gt;  yrs. No need of World Bank &amp; IMF loan. Think how our money is blocked by rich politicians. We have full rights against corrupt politicians. Itna forward karo ki pura INDIA padhe.g.m.\""""",,,
ham,I am literally in bed and have been up for like  &lt;#&gt;  hours,,,
ham,What i told before i tell. Stupid hear after i wont tell anything to you. You dad called to my brother and spoken. Not with me.,,,
ham,Dad went out oredi... ,,,
spam,You have 1 new message. Please call 08712400200.,,,
ham,Doing my masters. When will you buy a bb cos i have for sale and how's bf,,,
ham,Dont put your phone on silent mode ok,,,
ham,i thought we were doing a king of the hill thing there.,,,
ham,Yes when is the appt again?,,,
ham,Also fuck you and your family for going to rhode island or wherever the fuck and leaving me all alone the week I have a new bong &gt;:(,,,
ham,"Tyler (getting an 8th) has to leave not long after 9, can you get here in like an hour?",,,
ham,"Yo my trip got postponed, you still stocked up?",,,
ham,Carlos'll be here in a minute if you still need to buy,,,
ham,I have no idea where you are,,,
ham,Oh wow thats gay. Will firmware update help,,,
ham,"chile, please! It's only a  &lt;DECIMAL&gt;  hour drive for me. I come down all the time and will be subletting feb-april for audition season.",,,
spam,"You have been selected to stay in 1 of 250 top British hotels - FOR NOTHING! Holiday Worth å£350! To Claim, Call London 02072069400. Bx 526, SW73SS",,,
ham,Where is it. Is there any opening for mca.,,,
ham,Sorry da. I gone mad so many pending works what to do.,,,
ham,As in different styles?,,,
ham,Lol I have to take it. member how I said my aunt flow didn't visit for 6 months? It's cause I developed ovarian cysts. Bc is the only way to shrink them.,,,
ham,\ER," ENJOYIN INDIANS AT THE MO..yeP. SaLL gOoD HehE ;> hows bout u shexy? Pete Xx\""""",,
ham,Pass dis to all ur contacts n see wat u get! Red;i'm in luv wid u. Blue;u put a smile on my face. Purple;u r realy hot. Pink;u r so swt. Orange;i thnk i lyk u. Green;i realy wana go out wid u. Yelow;i wnt u bck. Black;i'm jealous of u. Brown;i miss you Nw plz giv me one color,,,
ham,Too late. I said i have the website. I didn't i have or dont have the slippers,,,
ham,Dhoni have luck to win some big title.so we will win:),,,
spam,URGENT! Your Mobile number has been awarded with a å£2000 prize GUARANTEED. Call 09061790121 from land line. Claim 3030. Valid 12hrs only 150ppm,,,
ham,Am watching house ÛÒ very entertaining ÛÒ am getting the whole hugh laurie thing ÛÒ even with the stick ÛÒ indeed especially with the stick.,,,
ham,Me too! Have a lovely night xxx,,,
ham,"Poyyarikatur,kolathupalayam,unjalur post,erode dis, &lt;#&gt; .",,,
ham,Tell me pa. How is pain de.,,,
ham,I like to think there's always the possibility of being in a pub later.,,,
ham,Whos this am in class:-),,,
ham,Dai what this da.. Can i send my resume to this id.,,,
spam,"Your account has been credited with 500 FREE Text Messages. To activate, just txt the word: CREDIT to No: 80488 T&Cs www.80488.biz",,,
ham,So your telling me I coulda been your real Valentine and I wasn't? U never pick me for NOTHING!!,,,
ham,You should get more chicken broth if you want ramen unless there's some I don't know about,,,
ham,"Now u sound like manky scouse boy steve,like! I is travelling on da bus home.wot has u inmind 4 recreation dis eve?",,,
ham,I love u 2 my little pocy bell I am sorry but I love u,,,
ham,Lol ... I really need to remember to eat when I'm drinking but I do appreciate you keeping me company that night babe *smiles*,,,
ham,I've not sent it. He can send me.,,,
ham,Come aftr  &lt;DECIMAL&gt; ..now i m cleaning the house,,,
ham,I've reached home n i bathe liao... U can call me now...,,,
ham,"Sorry pa, i dont knw who ru pa?",,,
ham,O ic lol. Should play 9 doors sometime yo,,,
ham,Understand. his loss is my gain :) so do you work? School?,,,
spam,FREEMSG: Our records indicate you may be entitled to 3750 pounds for the Accident you had. To claim for free reply with YES to this msg. To opt out text STOP,,,
ham,All these nice new shirts and the only thing I can wear them to is nudist themed ;_; you in mu?,,,
ham,Friendship poem: Dear O Dear U R Not Near But I Can Hear Dont Get Fear Live With Cheer No More Tear U R Always my Dear. Gud ni8,,,
ham,Well done and ! luv ya all ,,,
ham,How i noe... Did Ì_ specify da domain as nusstu... ÌÏ still in sch...,,,
ham,No other Valentines huh? The proof is on your fb page. Ugh I'm so glad I really DIDN'T watch your rupaul show you TOOL!,,,
ham,Nt joking seriously i told,,,
ham,Thats cool! I am a gentleman and will treat you with dignity and respect.,,,
ham,Shuhui say change 2 suntec steamboat? U noe where? Where r u now?,,,
spam,XCLUSIVE@CLUBSAISAI 2MOROW 28/5 SOIREE SPECIALE ZOUK WITH NICHOLS FROM PARIS.FREE ROSES 2 ALL LADIES !!! info: 07946746291/07880867867 ,,,
ham,"Shit that is really shocking and scary, cant imagine for a second. Def up for night out. Do u think there is somewhere i could crash for night, save on taxi?",,,
ham,"My mobile number.pls sms ur mail id.convey regards to achan,amma.Rakhesh.Qatar",,,
ham,Nope. I just forgot. Will show next week,,,
ham,"Urgh, coach hot, smells of chip fat! Thanks again, especially for the duvet (not a predictive text word).",,,
ham,Thank you. do you generally date the brothas?,,,
spam,Get the official ENGLAND poly ringtone or colour flag on yer mobile for tonights game! Text TONE or FLAG to 84199. Optout txt ENG STOP Box39822 W111WX å£1.50,,,
ham,Taka lor. Wat time u wan 2 come n look 4 us?,,,
ham,G wants to know where the fuck you are,,,
ham,"\Hey! do u fancy meetin me at 4 at cha åÐ hav a lil beverage on me. if not txt or ring me and we can meet up l8r. quite tired got in at 3 v.pist ;) love Pete x x x\""""",,,
ham,"Sorry, got a late start, we're on the way",,,
spam,"Congrats! 2 mobile 3G Videophones R yours. call 09061744553 now! videochat wid ur mates, play java games, Dload polyH music, noline rentl. bx420. ip4. 5we. 150pm",,,
spam,"Hello from Orange. For 1 month's free access to games, news and sport, plus 10 free texts and 20 photo messages, reply YES. Terms apply: www.orange.co.uk/ow",,,
ham,I told your number to gautham..,,,
ham,Please tell me not all of my car keys are in your purse,,,
spam,"Had your contract mobile 11 Mnths? Latest Motorola, Nokia etc. all FREE! Double Mins & Text on Orange tariffs. TEXT YES for callback, no to remove from records",,,
ham,Ew are you one of them?,,,
spam,"YOUR CHANCE TO BE ON A REALITY FANTASY SHOW call now = 08707509020 Just 20p per min NTT Ltd, PO Box 1327 Croydon CR9 5WB 0870 is a national = rate call.",,,
ham,Wake me up at  &lt;#&gt;  am morning:),,,
ham,"U so lousy, run already come back then half dead... Hee...",,,
ham,You got job in wipro:)you will get every thing in life in 2 or 3 years.,,,
ham,Then u going ikea str aft dat?,,,
ham,Yes ammae....life takes lot of turns you can only sit and try to hold the steering...,,,
spam,Ur TONEXS subscription has been renewed and you have been charged å£4.50. You can choose 10 more polys this month. www.clubzed.co.uk *BILLING MSG*,,,
ham,Early bird! Any purchases yet?,,,
ham,Wah lucky man... Then can save money... Hee...,,,
ham,Lol they were mad at first but then they woke up and gave in.,,,
ham,I'll probably be by tomorrow (or even later tonight if something's going on),,,
spam,You will be receiving this week's Triple Echo ringtone shortly. Enjoy it!,,,
ham,Ok k..sry i knw 2 siva..tats y i askd..,,,
ham,I'm reaching home in 5 min.,,,
ham,"Sorry, went to bed early, nightnight",,,
spam,I'd like to tell you my deepest darkest fantasies. Call me 09094646631 just 60p/min. To stop texts call 08712460324 (nat rate),,,
ham,Send to someone else :-),,,
ham,I dont thnk its a wrong calling between us,,,
ham,"Multiply the numbers independently and count decimal points then, for the division, push the decimal places like i showed you.",,,
ham,Then just eat a shit and wait for ur monkey face bitch.......... U asshole..................,,,
ham,"Hey babe, sorry i didn't get sooner. Gary can come and fix it cause he thinks he knows what it is but he doesn't go as far a Ptbo and he says it will cost  &lt;#&gt;  bucks. I don't know if it might be cheaper to find someone there ? We don't have any second hand machines at all right now, let me know what you want to do babe",,,
ham,Ok good then i later come find Ì_... C lucky i told Ì_ to go earlier... Later pple take finish Ì_ no more again...,,,
ham,I got your back! Do you have any dislikes in bed?,,,
ham,"Not really dude, have no friends i'm afraid :(",,,
ham,"Yes..but they said its IT.,",,,
ham,"Well, i'm glad you didn't find it totally disagreeable ... Lol",,,
ham,We are pleased to inform that your application for Airtel Broadband is processed successfully. Your installation will happen within 3 days.,,,
ham,Message:some text missing* Sender:Name Missing* *Number Missing *Sent:Date missing *Missing U a lot thats y everything is missing sent via fullonsms.com,,,
ham,And is there a way you can send shade's stuff to her. And she has been wonderful too.,,,
ham,"Goodmorning,my grandfather expired..so am on leave today.",,,
ham,Ok.,,,
ham,Hello- thanx for taking that call. I got a job! Starts on monday!,,,
ham,"Yalru lyfu astne chikku.. Bt innu mundhe lyf ali halla ke bilo (marriage)program edhae, so lyf is nt yet ovr chikku..ali vargu lyfu meow meow:-D",,,
ham,I'm not. She lip synced with shangela.,,,
ham,When you came to hostel.,,,
ham,"It,,s a taxt massage....tie-pos argh ok! Lool!",,,
ham,Love it! Daddy will make you scream with pleasure! I am going to slap your ass with my dick!,,,
ham,Tell them no need to investigate about me anywhere.,,,
ham,"Usf I guess, might as well take 1 car",,,
ham,"Mmmmm ... I loved waking to your words this morning ! I miss you too, my Love. I hope your day goes well and you are happy. I wait for us to be together again",,,
ham,The guy did some bitching but I acted like i'd be interested in buying something else next week and he gave it to us for free,,,
ham,Ummmmmaah Many many happy returns of d day my dear sweet heart.. HAPPY BIRTHDAY dear,,,
ham,Anything lor. Juz both of us lor.,,,
ham,I know you are serving. I mean what are you doing now.,,,
ham,"Doing nothing, then u not having dinner w us?",,,
spam,U have a secret admirer. REVEAL who thinks U R So special. Call 09065174042. To opt out Reply REVEAL STOP. 1.50 per msg recd. Cust care 07821230901,,,
ham,Lemme know when you're here,,,
ham,Did you try making another butt.,,,
ham,Sending you greetings of joy and happiness. Do have a gr8 evening,,,
ham,U don't know how stubborn I am. I didn't even want to go to the hospital. I kept telling Mark I'm not a weak sucker. Hospitals are for weak suckers.,,,
spam,We have new local dates in your area - Lots of new people registered in YOUR AREA. Reply DATE to start now! 18 only www.flirtparty.us REPLYS150,,,
ham,From here after The performance award is calculated every two month.not for current one month period..,,,
ham,Pls pls find out from aunt nike.,,,
ham,Ard 6 like dat lor.,,,
ham,What Today-sunday..sunday is holiday..so no work..,,,
spam,Ur cash-balance is currently 500 pounds - to maximize ur cash-in now send GO to 86688 only 150p/msg. CC: 08718720201 PO BOX 114/14 TCR/W1,,,
ham,Dunno da next show aft 6 is 850. Toa payoh got 650.,,,
ham,WHEN THE FIRST STRIKE IS A RED ONE. THE BIRD + ANTELOPE BEGIN TOPLAY IN THE FIELDOF SELFINDEPENDENCE BELIEVE THIS + THE FLOWER OF CONTENTION WILL GROW.RANDOM!,,,
spam,No 1 POLYPHONIC tone 4 ur mob every week! Just txt PT2 to 87575. 1st Tone FREE ! so get txtin now and tell ur friends. 150p/tone. 16 reply HL 4info,,,
ham,IM REALY SOZ IMAT MY MUMS 2NITE WHAT ABOUT 2MORO ,,,
ham,"Night has ended for another day, morning has come in a special way. May you smile like the sunny rays and leaves your worries at the blue blue bay. Gud mrng",,,
ham,Hey check it da. I have listed da.,,,
ham,You still at grand prix?,,,
ham,S:-)kallis wont play in first two odi:-),,,
ham,MAYBE IF YOU WOKE UP BEFORE FUCKING 3 THIS WOULDN'T BE A PROBLEM.,,,
ham,Err... Cud do. I'm going to  at 8pm. I haven't got a way to contact him until then.,,,
ham,"Fuuuuck I need to stop sleepin, sup",,,
ham,K..then come wenever u lik to come and also tel vikky to come by getting free time..:-),,,
ham,K do I need a login or anything,,,
ham,"I sent you the prices and do you mean the  &lt;#&gt; g,",,,
ham,You have registered Sinco as Payee. Log in at icicibank.com and enter URN  &lt;#&gt;  to confirm. Beware of frauds. Do NOT share or disclose URN to anyone.,,,
ham,Glad to see your reply.,,,
ham,Good Morning my Dear........... Have a great &amp; successful day.,,,
ham,....photoshop makes my computer shut down.,,,
ham,Never blame a day in ur life. Good days give u happiness. Bad days give u experience. Both are essential in life! All are Gods blessings! good morning.:,,,
ham,"Save yourself the stress. If the person has a dorm account, just send your account details and the money will be sent to you.",,,
ham,And I don't plan on staying the night but I prolly won't be back til late,,,
ham,Sir send to group mail check it.,,,
ham,"I'll see if I can swing by in a bit, got some things to take care of here firsg",,,
ham,IÛ÷ll have a look at the frying pan in case itÛ÷s cheap or a book perhaps. No thatÛ÷s silly a frying pan isnÛ÷t likely to be a book,,,
ham,I'm fine. Hope you are also,,,
ham,Not yet chikku..wat abt u?,,,
ham,Oh. U must have taken your REAL Valentine out shopping first.,,,
ham,Hi. Happy New Year. I dont mean to intrude but can you pls let me know how much tuition you paid last semester and how much this semester is. Thanks,,,
ham,Which is weird because I know I had it at one point,,,
ham,Dont know you bring some food,,,
ham,Hey you can pay. With salary de. Only  &lt;#&gt; .,,,
ham,"And how you will do that, princess? :)",,,
ham,Thanks for understanding. I've been trying to tell sura that.,,,
spam,http//tms. widelive.com/index. wml?id=820554ad0a1705572711&first=trueåÁC C RingtoneåÁ,,,
ham,Omg you can make a wedding chapel in frontierville? Why do they get all the good stuff?,,,
ham,Its a part of checking IQ,,,
ham,*deep sigh* ... I miss you :-( ... I am really surprised you haven't gone to the net cafe yet to get to me ... Don't you miss me?,,,
ham,Jason says it's cool if we pick some up from his place in like an hour,,,
ham,"Aight text me when you're back at mu and I'll swing by, need somebody to get the door for me",,,
ham,"&lt;#&gt; , that's all? Guess that's easy enough",,,
ham,Not course. Only maths one day one chapter with in one month we can finish.,,,
ham,Good afternoon my boytoy. How goes that walking here and there day ? Did you get that police abstract? Are you still out and about? I wake and miss you babe,,,
ham,I am going to film 2day da. At 6pm. Sorry da.,,,
ham,Yup ok...,,,
ham,"That means you got an A in epi, she.s fine. She.s here now.",,,
ham,"Dude. What's up. How Teresa. Hope you have been okay. When i didnt hear from these people, i called them and they had received the package since dec  &lt;#&gt; . Just thot you'ld like to know. Do have a fantastic year and all the best with your reading. Plus if you can really really Bam first aid for Usmle, then your work is done.",,,
ham,I could ask carlos if we could get more if anybody else can chip in,,,
ham,I'll be in sch fr 4-6... I dun haf da book in sch... It's at home...,,,
spam,Do you want a new Video handset? 750 any time any network mins? UNLIMITED TEXT? Camcorder? Reply or Call now 08000930705 for del Sat AM,,,
spam,URGENT! Your Mobile number has been awarded a <UKP>2000 prize GUARANTEED. Call 09061790125 from landline. Claim 3030. Valid 12hrs only 150ppm,,,
ham,Da is good good player.why he is unsold.,,,
ham,Just send a text. We'll skype later.,,,
spam,"Congrats 2 mobile 3G Videophones R yours. call 09063458130 now! videochat wid ur mates, play java games, Dload polypH music, noline rentl. bx420. ip4. 5we. 150p",,,
ham,No management puzzeles.,,,
spam,"Today's Offer! Claim ur å£150 worth of discount vouchers! Text YES to 85023 now! SavaMob, member offers mobile! T Cs 08717898035. å£3.00 Sub. 16 . Unsub reply X",,,
ham,Book which lesson? then you msg me... I will call up after work or sth... I'm going to get specs. My membership is PX3748,,,
ham,It has everything to do with the weather. Keep extra warm. Its a cold but nothing serious. Pls lots of vitamin c,,,
ham,"Aiyo... Her lesson so early... I'm still sleepin, haha... Okie, u go home liao den confirm w me lor...",,,
ham,When/where do I pick you up,,,
ham,Cab is available.they pick up and drop at door steps.,,,
spam,UR GOING 2 BAHAMAS! CallFREEFONE 08081560665 and speak to a live operator to claim either Bahamas cruise ofå£2000 CASH 18+only. To opt out txt X to 07786200117,,,
spam,Want the latest Video handset? 750 anytime any network mins? Half price line rental? Reply or call 08000930705 for delivery tomorrow,,,
ham,"Sorry, I'll call later",,,
ham,"(And my man carlos is definitely coming by mu tonight, no excuses)",,,
ham,I.ll give her once i have it. Plus she said grinule greet you whenever we speak,,,
ham,Ya had just now.onion roast.,,,
ham,Have you got Xmas radio times. If not i will get it now,,,
ham,"This is one of the days you have a billion classes, right?",,,
ham,I don't run away frm u... I walk slowly &amp; it kills me that u don't care enough to stop me...,,,
ham,What makes you most happy?,,,
ham,Hi ....My engagement has been fixd on  &lt;#&gt; th of next month. I know its really shocking bt....hmm njan vilikkam....t ws al of a sudn;-(.,,,
ham,"Sir, I need Velusamy sir's date of birth and company bank facilities details.",,,
ham,Jus finish my lunch on my way home lor... I tot u dun wan 2 stay in sch today...,,,
ham,Height of Confidence: All the Aeronautics professors wer calld &amp; they wer askd 2 sit in an aeroplane. Aftr they sat they wer told dat the plane ws made by their students. Dey all hurried out of d plane.. Bt only 1 didnt move... He said:\if it is made by my students,"this wont even start........ Datz confidence..""",,
ham,10 min later k...,,,
ham,Oh... Lk tt den we take e one tt ends at cine lor... Dun wan yogasana oso can... ,,,
spam,Dont forget you can place as many FREE Requests with 1stchoice.co.uk as you wish. For more Information call 08707808226.,,,
ham,Finished class where are you.,,,
ham,"Nope. Since ayo travelled, he has forgotten his guy",,,
ham,Let there be snow. Let there be snow. This kind of weather brings ppl together so friendships can grow.,,,
ham,Hello! How r u? Im bored. Inever thought id get bored with the tv but I am. Tell me something exciting has happened there? Anything! =/,,,
ham,Just finished. Missing you plenty,,,
spam,Had your mobile 11 months or more? U R entitled to Update to the latest colour mobiles with camera for Free! Call The Mobile Update Co FREE on 08002986030,,,
ham,"If you're still up, maybe leave the credit card so I can get gas when I get back like he told me to",,,
ham,Misplaced your number and was sending texts to your old number. Wondering why i've not heard from you this year. All the best in your mcat. Got this number from my atlanta friends,,,
ham,"I'm in solihull, | do you want anything?",,,
ham,Who were those people ? Were you in a tour ? I thought you were doing that sofa thing you sent me ? Your curious sugar,,,
ham,Can come my room but cannot come my house cos my house still messy... Haha...,,,
ham,"We spend our days waiting for the ideal path to appear in front of us.. But what we forget is.. \paths are made by walking.. not by waiting..\"" Goodnight!""",,,
ham,Thanx 4 2day! U r a goodmate I THINK UR RITE SARY! ASUSUAL!1 U CHEERED ME UP! LOVE U FRANYxxxxx,,,
ham,Howz pain?hope u r fine..,,,
ham,Please sen :)my kind advice :-)please come here and try:-),,,
ham,"K so am I, how much for an 8th? Fifty?",,,
ham,Ok... Sweet dreams...,,,
ham,Are you willing to go for apps class.,,,
ham,I'm done. C Ì_ there.,,,
ham,Hey gals...U all wanna meet 4 dinner at nÌÂte? ,,,
ham,Why tired what special there you had,,,
ham,"There're some people by mu, I'm at the table by lambda",,,
ham,Yup... From what i remb... I think should be can book... ,,,
ham,Kallis wont bat in 2nd innings.,,,
ham,"Sorry my roommates took forever, it ok if I come by now?",,,
spam,from www.Applausestore.com MonthlySubscription@50p/msg max6/month T&CsC web age16 2stop txt stop,,,
ham,Darren was saying dat if u meeting da ge den we dun meet 4 dinner. Cos later u leave xy will feel awkward. Den u meet him 4 lunch lor.,,,
ham,Me i'm not workin. Once i get job...,,,
ham,Your gonna be the death if me. I'm gonna leave a note that says its all robs fault. Avenge me.,,,
ham,How was txting and driving,,,
spam,"Urgent! Please call 09066612661 from your landline, your complimentary 4* Lux Costa Del Sol holiday or å£1000 CASH await collection. ppm 150 SAE T&Cs James 28, EH74RR",,,
spam,Sex up ur mobile with a FREE sexy pic of Jordan! Just text BABE to 88600. Then every wk get a sexy celeb! PocketBabe.co.uk 4 more pics. 16 å£3/wk 087016248,,,
ham,"Nimbomsons. Yep phone knows that one. Obviously, cos thats a real word",,,
ham,No * am working on the ringing u thing but have whole houseful of screaming brats so * am pulling my hair out! Loving u,,,
spam,As a registered optin subscriber ur draw 4 å£100 gift voucher will be entered on receipt of a correct ans to 80062 Whats No1 in the BBC charts,,,
ham,No but the bluray player can,,,
ham,Yes :)it completely in out of form:)clark also utter waste.,,,
ham,How would my ip address test that considering my computer isn't a minecraft server,,,
ham,I'm in class. Did you get my text.,,,
ham,Shall i send that exe to your mail id.,,,
ham,"Thursday night? Yeah, sure thing, we'll work it out then",,,
ham,Hey do you want anything to buy:),,,
ham,"Night has ended for another day, morning has come in a special way. May you smile like the sunny rays and leaves your worries at the blue blue bay. Gud mrng",,,
ham,Boo what time u get out? U were supposed to take me shopping today. :(,,,
spam,"Spook up your mob with a Halloween collection of a logo & pic message plus a free eerie tone, txt CARD SPOOK to 8007 zed 08701417012150p per logo/pic ",,,
ham,Whatsup there. Dont u want to sleep,,,
ham,Which is why i never wanted to tell you any of this. Which is why i'm so short with you and on-edge as of late.,,,
ham,You've already got a flaky parent. It'snot supposed to be the child's job to support the parent...not until they're The Ride age anyway. I'm supposed to be there to support you. And now i've hurt you. unintentional. But hurt nonetheless.,,,
spam,Dear U've been invited to XCHAT. This is our final attempt to contact u! Txt CHAT to 86688,,,
ham,on a Tuesday night r u 4 real,,,
ham,Prepare to be pleasured :),,,
ham,Appt is at &lt;TIME&gt; am. Not my fault u don't listen. I told u twice,,,
spam,Please call our customer service representative on FREEPHONE 0808 145 4742 between 9am-11pm as you have WON a guaranteed å£1000 cash or å£5000 prize!,,,
ham,U coming 2 pick me?,,,
ham,ARR birthday today:) i wish him to get more oscar.,,,
ham,1. Tension face 2. Smiling face 3. Waste face 4. Innocent face 5.Terror face 6.Cruel face 7.Romantic face 8.Lovable face 9.decent face  &lt;#&gt; .joker face.,,,
ham,Just seeing your missed call my dear brother. Do have a gr8 day.,,,
ham,"Abeg, make profit. But its a start. Are you using it to get sponsors for the next event?",,,
ham,Thanx but my birthday is over already.,,,
ham,"Haha, my friend tyler literally just asked if you could get him a dubsack",,,
ham,I wait 4 Ì_ inside da car park...,,,
ham,"Probably not, still going over some stuff here",,,
ham,Sounds great! Are you home now?,,,
ham,"Dont pack what you can buy at any store.like cereals. If you must pack food, pack gari or something 9ja that you will miss.",,,
ham,Sat right? Okay thanks... ,,,
ham,"Say this slowly.? GOD,I LOVE YOU &amp; I NEED YOU,CLEAN MY HEART WITH YOUR BLOOD.Send this to Ten special people &amp; u c miracle tomorrow, do it,pls,pls do it...",,,
ham,What he said is not the matter. My mind saying some other matter is there.,,,
ham,Let me know how it changes in the next 6hrs. It can even be appendix but you are out of that age range. However its not impossible. So just chill and let me know in 6hrs,,,
ham,"Haha I heard that, text me when you're around",,,
ham,Is avatar supposed to have subtoitles,,,
ham,Probably money worries. Things are coming due and i have several outstanding invoices for work i did two and three months ago.,,,
ham,I thk 50 shd be ok he said plus minus 10.. Did Ì_ leave a line in between paragraphs?,,,
ham,All e best 4 ur exam later.,,,
ham,I dont thnk its a wrong calling between us,,,
ham,Ok i shall talk to him,,,
ham,No got new job at bar in airport on satsgettin 4.47per hour but means no lie in! keep in touch,,,
ham,Wat makes u thk i'll fall down. But actually i thk i'm quite prone 2 falls. Lucky my dad at home i ask him come n fetch me already.,,,
ham,Feel Yourself That You Are Always Happy.. Slowly It Becomes Your Habit &amp; Finally It Becomes Part Of Your Life.. Follow It.. Happy Morning &amp; Have A Happy Day:),,,
ham,But you dint in touch with me.,,,
ham,I dont thnk its a wrong calling between us,,,
ham,Heart is empty without love.. Mind is empty without wisdom.. Eyes r empty without dreams &amp; Life is empty without frnds.. So Alwys Be In Touch. Good night &amp; sweet dreams,,,
ham,You will be in the place of that man,,,
ham,Y lei?,,,
ham,"7 wonders in My WORLD 7th You 6th Ur style 5th Ur smile 4th Ur Personality 3rd Ur Nature 2nd Ur SMS and 1st \Ur Lovely Friendship\""... good morning dear""",,,
ham,staff.science.nus.edu.sg/~phyhcmk/teaching/pc1323,,,
ham,Then why you came to hostel.,,,
ham,"You are everywhere dirt, on the floor, the windows, even on my shirt. And sometimes when i open my mouth, you are all that comes flowing out. I dream of my world without you, then half my chores are out too. A time of joy for me, lots of tv shows i.ll see. But i guess like all things you just must exist, like rain, hail and mist, and when my time here is done, you and i become one.",,,
ham,Your opinion about me? 1. Over 2. Jada 3. Kusruthi 4. Lovable 5. Silent 6. Spl character 7. Not matured 8. Stylish 9. Simple Pls reply..,,,
ham,I'm going for bath will msg you next  &lt;#&gt;  min..,,,
spam,You have won a Nokia 7250i. This is what you get when you win our FREE auction. To take part send Nokia to 86021 now. HG/Suite342/2Lands Row/W1JHL 16+,,,
ham,There are some nice pubs near here or there is Frankie n Bennys near the warner cinema?,,,
ham,Yup no more already... Thanx 4 printing n handing it up.,,,
ham,"K, fyi I'm back in my parents' place in south tampa so I might need to do the deal somewhere else",,,
ham,Thanx...,,,
ham,Happy birthday... May u find ur prince charming soon n dun work too hard...,,,
spam,"Xmas Offer! Latest Motorola, SonyEricsson & Nokia & FREE Bluetooth or DVD! Double Mins & 1000 Txt on Orange. Call MobileUpd8 on 08000839402 or call2optout/4QF2",,,
spam,We tried to contact you re our offer of New Video Phone 750 anytime any network mins HALF PRICE Rental camcorder call 08000930705 or reply for delivery Wed,,,
ham,No. To be nosy I guess. Idk am I over reacting if I'm freaked?,,,
ham,Oh gei. That happend to me in tron. Maybe ill dl it in 3d when its out,,,
ham,Cool. Do you like swimming? I have a pool and jacuzzi at my house.,,,
ham,Nite...,,,
ham,Indeed and by the way it was either or - not both !,,,
ham,"Hi elaine, is today's meeting confirmed?",,,
ham,You didn't have to tell me that...now i'm thinking. Plus he's going to stop all your runs,,,
ham,Yar else i'll thk of all sorts of funny things.,,,
ham,Wanna do some art?! :D,,,
ham,Today iZ Yellow rose day. If u love my frndship give me 1 misscall &amp; send this to ur frndZ &amp; See how many miss calls u get. If u get 6missed U marry ur Lover.,,,
ham,"I can't speak, bcaz mobile have problem. I can listen you but you cann't listen my voice. So i calls you later.",,,
ham,U gd lor go shopping i got stuff to do. U wan 2 watch infernal affairs a not? Come lar...,,,
spam,WOW! The Boys R Back. TAKE THAT 2007 UK Tour. Win VIP Tickets & pre-book with VIP Club. Txt CLUB to 81303. Trackmarque Ltd info@vipclub4u.,,,
ham,Awww dat is sweet! We can think of something to do he he! Have a nice time tonight ill probably txt u later cos im lonely :( xxx.,,,
ham,Are you coming to day for class.,,,
ham,"Nothing really, just making sure everybody's up to speed",,,
ham,"Aight, we'll head out in a few",,,
ham,Ok then u tell me wat time u coming later lor.,,,
ham,"K, I'll work something out",,,
ham,Check mail.i have mailed varma and kept copy to you regarding membership.take care.insha allah.,,,
ham,is your hamster dead? Hey so tmr i meet you at 1pm orchard mrt? ,,,
ham,"Lol, oh you got a friend for the dog ?",,,
ham,"Oh fine, I'll be by tonight",,,
spam,Santa calling! Would your little ones like a call from Santa Xmas Eve? Call 09077818151 to book you time. Calls1.50ppm last 3mins 30s T&C www.santacalling.com,,,
ham,"I love you !!! You know? Can you feel it? Does it make your belly warm? I wish it does, my love ... I shall meet you in your dreams, Ahmad ... *adoring kiss*",,,
ham,Where did u go? My phone is gonna die you have to stay in here,,,
ham,"ItÛ÷s reassuring, in this crazy world.",,,
ham,We have all rounder:)so not required:),,,
spam,87077: Kick off a new season with 2wks FREE goals & news to ur mobile! Txt ur club name to 87077 eg VILLA to 87077,,,
ham,"Good evening Sir, Al Salam Wahleykkum.sharing a happy news.By the grace of God, i got an offer from Tayseer,TISSCO and i joined.Hope you are fine.Inshah Allah,meet you sometime.Rakhesh,visitor from India.",,,
ham,"Yo, call me when you get the chance, a friend of mine wanted me to ask you about a big order",,,
ham,Its ok my arm is feeling weak cuz i got a shot so we can go another time,,,
ham,Yes..he is really great..bhaji told kallis best cricketer after sachin in world:).very tough to get out.,,,
spam,-PLS STOP bootydelious (32/F) is inviting you to be her friend. Reply YES-434 or NO-434 See her: www.SMS.ac/u/bootydelious STOP? Send STOP FRND to 62468,,,
ham,Gain the rights of a wife.dont demand it.i am trying as husband too.Lets see,,,
ham,Thank u!,,,
ham,"Do whatever you want. You know what the rules are. We had a talk earlier this week about what had to start happening, you showing responsibility. Yet, every week it's can i bend the rule this way? What about that way? Do whatever. I'm tired of having thia same argument with you every week. And a  &lt;#&gt;  movie DOESNT inlude the previews. You're still getting in after 1.",,,
spam,Moby Pub Quiz.Win a å£100 High Street prize if u know who the new Duchess of Cornwall will be? Txt her first name to 82277.unsub STOP å£1.50 008704050406 SP Arrow,,,
ham,"Oh really? perform, write a paper, go to a movie AND be home by midnight, huh?",,,
ham,"As I entered my cabin my PA said, '' Happy B'day Boss !!''. I felt special. She askd me 4 lunch. After lunch she invited me to her apartment. We went there.",,,
ham,"If we hit it off, you can move in with me :)",,,
ham,"Storming msg: Wen u lift d phne, u say \HELLO\"" Do u knw wt is d real meaning of HELLO?? . . . It's d name of a girl..! . . . Yes.. And u knw who is dat girl?? \""Margaret Hello\"" She is d girlfrnd f Grahmbell who invnted telphone... . . . . Moral:One can 4get d name of a person"," bt not his girlfrnd... G o o d n i g h t . . .@""",,
ham,Get ready for  &lt;#&gt;  inches of pleasure...,,,
ham,I'm glad. You are following your dreams.,,,
spam,URGENT! We are trying to contact U Todays draw shows that you have won a å£800 prize GUARANTEED. Call 09050000460 from land line. Claim J89. po box245c2150pm,,,
ham,Ya even those cookies have jelly on them,,,
spam,"You are guaranteed the latest Nokia Phone, a 40GB iPod MP3 player or a å£500 prize! Txt word: COLLECT to No: 83355! IBHltd LdnW15H 150p/Mtmsgrcvd18",,,
ham,Senthil group company Apnt 5pm.,,,
ham,Kent vale lor... ÌÏ wait 4 me there ar?,,,
ham,Oh k...i'm watching here:),,,
ham,Feel like trying kadeem again? :V,,,
ham,ALRITE SAM ITS NIC JUST CHECKIN THAT THIS IS UR NUMBER-SO IS IT?T.B*,,,
spam,"Loan for any purpose å£500 - å£75,000. Homeowners + Tenants welcome. Have you been previously refused? We can still help. Call Free 0800 1956669 or text back 'help'",,,
ham,How many licks does it take to get to the center of a tootsie pop?,,,
ham,I absolutely LOVE South Park! I only recently started watching the office.,,,
spam,"Urgent! Please call 0906346330. Your ABTA complimentary 4* Spanish Holiday or å£10,000 cash await collection SAE T&Cs BOX 47 PO19 2EZ 150ppm 18+",,,
ham,Gud mrng dear hav a nice day,,,
ham,Ugh just got outta class,,,
ham,Ok.,,,
ham,No dear i do have free messages without any recharge. Hi hi hi,,,
ham,"Sad story of a Man - Last week was my b'day. My Wife did'nt wish me. My Parents forgot n so did my Kids . I went to work. Even my Colleagues did not wish. As I entered my cabin my PA said, '' Happy B'day Boss !!''. I felt special. She askd me 4 lunch. After lunch she invited me to her apartment. We went there. She said,'' do u mind if I go into the bedroom for a minute ? '' ''OK'', I sed in a sexy mood. She came out 5 minuts latr wid a cake...n My Wife, My Parents, My Kidz, My Friends n My Colleagues. All screaming.. SURPRISE !! and I was waiting on the sofa.. ... ..... ' NAKED...!",,,
ham,Do u hav any frnd by name ashwini in ur college?,,,
ham,If you're thinking of lifting me one then no.,,,
ham,Well then you have a great weekend!,,,
ham,Oops. 4 got that bit.,,,
ham,K.i will send in  &lt;#&gt;  min:),,,
ham,"You know, wot people wear. T shirts, jumpers, hat, belt, is all we know. We r at Cribbs",,,
ham,"K, can that happen tonight?",,,
ham,What happen dear. Why you silent. I am tensed,,,
ham,I ain't answerin no phone at what is actually a pretty reasonable hour but I'm sleepy,,,
ham,Aft i finish my lunch then i go str down lor. Ard 3 smth lor. U finish ur lunch already?,,,
ham,I think asking for a gym is the excuse for lazy people. I jog.,,,
spam,Bought one ringtone and now getting texts costing 3 pound offering more tones etc,,,
ham,Yes we were outside for like 2 hours. And I called my whole family to wake them up cause it started at 1 am,,,
spam,Congratulations ur awarded 500 of CD vouchers or 125gift guaranteed & Free entry 2 100 wkly draw txt MUSIC to 87066,,,
ham,I cant pick the phone right now. Pls send a message,,,
ham,It's Ì© only $140 ard...Ìä rest all ard $180 at least...Which is Ì© price 4 Ì© 2 bedrm ($900),,,
ham,"I think your mentor is , but not 100 percent sure.",,,
ham,"7 wonders in My WORLD 7th You 6th Ur style 5th Ur smile 4th Ur Personality 3rd Ur Nature 2nd Ur SMS and 1st \Ur Lovely Friendship\""... good morning dear""",,,
ham,Is that what time you want me to come?,,,
ham,Ok lor... But buy wat?,,,
ham,How is your schedule next week? I am out of town this weekend.,,,
ham,Call me when u're done...,,,
ham,Aah! A cuddle would be lush! I'd need lots of tea and soup before any kind of fumbling!,,,
spam,"I want some cock! My hubby's away, I need a real man 2 satisfy me. Txt WIFE to 89938 for no strings action. (Txt STOP 2 end, txt rec å£1.50ea. OTBox 731 LA1 7WS. )",,,
ham,"Great. I'm in church now, will holla when i get out",,,
ham,"After my work ah... Den 6 plus lor... U workin oso rite... Den go orchard lor, no other place to go liao...",,,
ham,ÌÏ go home liao? Ask dad to pick me up at 6...,,,
ham,Pansy! You've been living in a jungle for two years! Its my driving you should be more worried about!,,,
ham,"As usual..iam fine, happy &amp; doing well..:)",,,
ham,I got it before the new year cos yetunde said she wanted to surprise you with it but when i didnt see money i returned it mid january before the  &lt;#&gt; day return period ended.,,,
ham,Love it! The girls at the office may wonder why you are smiling but sore...,,,
ham,He says he'll give me a call when his friend's got the money but that he's definitely buying before the end of the week,,,
spam,08714712388 between 10am-7pm Cost 10p,,,
ham,Mmm so yummy babe ... Nice jolt to the suzy,,,
ham,"No dice, art class 6 thru 9 :( thanks though. Any idea what time I should come tomorrow?",,,
ham,Yes but I don't care cause I know its there!,,,
ham,Yup,,,
ham,"&lt;#&gt; %of pple marry with their lovers... becz they hav gud undrstndng dat avoids problems. i sent dis 2 u, u wil get gud news on friday by d person you like. And tomorrow will be the best day of your life. Dont break this chain. If you break you will suffer. send this to  &lt;#&gt;  frnds in &lt;#&gt;  mins whn u read...",,,
ham,LOL ... Have you made plans for new years?,,,
ham,26th OF JULY,,,
spam,"U've been selected to stay in 1 of 250 top British hotels - FOR NOTHING! Holiday valued at å£350! Dial 08712300220 to claim - National Rate Call. Bx526, SW73SS",,,
ham,"Damn, can you make it tonight or do you want to just wait til tomorrow",,,
spam,INTERFLORA - åÒIt's not too late to order Interflora flowers for christmas call 0800 505060 to place your order before Midnight tomorrow.,,,
ham,Nobody names their penis a girls name this story doesn't add up at all,,,
ham,Yeah he got in at 2 and was v apologetic. n had fallen out and she was actin like spoilt child and he got caught up in that. Till 2! But we won't go there! Not doing too badly cheers. You? ,,,
ham,No de.am seeing in online shop so that i asked.,,,
ham,I love to give massages. I use lots of baby oil... What is your fave position?,,,
ham,Asking do u knw them or nt? May be ur frnds or classmates?,,,
ham,Is there any training tomorrow?,,,
ham,I cant pick the phone right now. Pls send a message,,,
ham,No wonder... Cos i dun rem seeing a silver car... But i thk i saw a black one...,,,
ham,Pls confirm the time to collect the cheque.,,,
ham,"Honey, can you pls find out how much they sell Predicte in Nigeria. And how many times can it be used. Its very important to have a reply before monday",,,
ham,Send me your id and password,,,
ham,Keep my payasam there if rinu brings,,,
ham,"Yeah probably, I still gotta check out with leo",,,
ham,Hi its Kate how is your evening? I hope i can see you tomorrow for a bit but i have to bloody babyjontet! Txt back if u can. :) xxx,,,
spam,YOU HAVE WON! As a valued Vodafone customer our computer has picked YOU to win a å£150 prize. To collect is easy. Just call 09061743386,,,
ham,Oops sorry. Just to check that you don't mind picking me up tomo at half eight from station. Would that be ok?,,,
ham,"Say this slowly.? GOD,I LOVE YOU &amp; I NEED YOU,CLEAN MY HEART WITH YOUR BLOOD.Send this to Ten special people &amp; u c miracle tomorrow, do it,pls,pls do it...",,,
ham,Hey what how about your project. Started aha da.,,,
ham,That sucks. I'll go over so u can do my hair. You'll do it free right?,,,
ham,Oooh I got plenty of those!,,,
ham,"Oh yes, why is it like torture watching england?",,,
ham,How do you guys go to see movies on your side.,,,
ham,Siva is in hostel aha:-.,,,
ham,So that takes away some money worries,,,
ham,Is ur changes 2 da report big? Cos i've already made changes 2 da previous report.,,,
spam,"our mobile number has won å£5000, to claim calls us back or ring the claims hot line on 09050005321.",,,
ham,It just seems like weird timing that the night that all you and g want is for me to come smoke is the same day as when a shitstorm is attributed to me always coming over and making everyone smoke,,,
ham,Gudnite....tc...practice going on,,,
ham,Tell dear what happen to you. Why you talking to me like an alian,,,
ham,Please da call me any mistake from my side sorry da. Pls da goto doctor.,,,
ham,Ok leave no need to ask,,,
ham,Hows the street where the end of library walk is?,,,
ham,"\HELLO U.CALL WEN U FINISH WRK.I FANCY MEETIN UP WIV U ALL TONITE AS I NEED A BREAK FROM DABOOKS. DID 4 HRS LAST NITE+2 TODAY OF WRK!\""""",,,
ham,How much would it cost to hire a hitman,,,
ham,"Just sent you an email ÛÒ to an address with incomm in it, is that right?",,,
ham,Sad story of a Man - Last week was my b'day. My Wife did'nt wish me. My Parents forgot n so did my Kids . I went to work. Even my Colleagues did not wish.,,,
ham,We will meet soon princess! Ttyl!,,,
ham,Yes..gauti and sehwag out of odi series.,,,
spam,"FREE RING TONE just text \POLYS\"" to 87131. Then every week get a new tone. 0870737910216yrs only å£1.50/wk.""",,,
ham,THING R GOOD THANX GOT EXAMS IN MARCH IVE DONE NO REVISION? IS FRAN STILL WITH BOYF? IVE GOTTA INTERVIW 4 EXETER BIT WORRIED!x,,,
ham,Convey my regards to him,,,
ham,I finished my lunch already. U wake up already?,,,
ham,Still chance there. If you search hard you will get it..let have a try :),,,
spam,"For ur chance to win a å£250 wkly shopping spree TXT: SHOP to 80878. T's&C's www.txt-2-shop.com custcare 08715705022, 1x150p/wk",,,
ham,Anything lor but toa payoh got place 2 walk meh...,,,
ham,Mode men or have you left.,,,
ham,"Dizzamn, aight I'll ask my suitemates when I get back",,,
ham,Joy's father is John. Then John is the ____ of Joy's father. If u ans ths you hav  &lt;#&gt;  IQ. Tis s IAS question try to answer.,,,
ham,Can i meet Ì_ at 5.. As 4 where depends on where Ì_ wan 2 in lor..,,,
ham,"Hello, my love ! How went your day ? Are you alright ? I think of you, my sweet and send a jolt to your heart to remind you ... I LOVE YOU! Can you hear it ? I screamed it across the sea for all the world to hear. Ahmad al Hallaq is loved ! and owned ! *possessive passionate kiss*",,,
ham,Huh means computational science... Y they like dat one push here n there...,,,
spam,FREE UNLIMITED HARDCORE PORN direct 2 your mobile Txt PORN to 69200 & get FREE access for 24 hrs then chrgd@50p per day txt Stop 2exit. This msg is free,,,
ham,As per your request 'Maangalyam (Alaipayuthe)' has been set as your callertune for all Callers. Press *9 to copy your friends Callertune,,,
spam,"Do you realize that in about 40 years, we'll have thousands of old ladies running around with tattoos?",,,
ham,Ya very nice. . .be ready on thursday,,,
ham,"Yeah, in fact he just asked if we needed anything like an hour ago. When and how much?",,,
ham,I dont have any of your file in my bag..i was in work when you called me.i 'll tell you if i find anything in my room.,,,
ham,Ok i msg u b4 i leave my house.,,,
ham,Yeah it's jus rite...,,,
ham,In fact when do you leave? I think addie goes back to school tues or wed,,,
ham,Wat makes some people dearer is not just de happiness dat u feel when u meet them but de pain u feel when u miss dem!!!,,,
spam,"Think ur smart ? Win å£200 this week in our weekly quiz, text PLAY to 85222 now!T&Cs WinnersClub PO BOX 84, M26 3UZ. 16+. GBP1.50/week",,,
ham,"Today is \song dedicated day..\"" Which song will u dedicate for me? Send this to all ur valuable frnds but first rply me...""",,,
ham,U should make a fb list,,,
ham,Can Ì_ send me a copy of da report?,,,
spam,Check Out Choose Your Babe Videos @ sms.shsex.netUN fgkslpoPW fgkslpo,,,
ham,Ladies first and genus second k .,,,
ham,Just got up. have to be out of the room very soon. Û_. i hadn't put the clocks back til at 8 i shouted at everyone to get up and then realised it was 7. wahay. another hour in bed.,,,
ham,We can make a baby in yo tho,,,
ham,"Lol ... Oh no babe, I wont be sliding into your place after midnight, but thanks for the invite",,,
spam,Don't b floppy... b snappy & happy! Only gay chat service with photo upload call 08718730666 (10p/min). 2 stop our texts call 08712460324,,,
ham,Ok i'm coming home now.,,,
ham,"It could work, we'll reach a consensus at the next meeting",,,
ham,"Forgot you were working today! Wanna chat, but things are ok so drop me a text when you're free / bored etc and i'll ring. Hope all is well, nose essay and all xx",,,
ham,Tessy..pls do me a favor. Pls convey my birthday wishes to Nimya..pls dnt forget it. Today is her birthday Shijas,,,
ham,PLEASSSSSSSEEEEEE TEL ME V AVENT DONE SPORTSx,,,
ham,"Wait, do you know if wesleys in town? I bet she does hella drugs!",,,
spam,U have a secret admirer who is looking 2 make contact with U-find out who they R*reveal who thinks UR so special-call on 09058094599,,,
ham,Check wid corect speling i.e. Sarcasm,,,
spam,Your unique user ID is 1172. For removal send STOP to 87239 customer services 08708034412,,,
ham,Hi Dear Call me its urgnt. I don't know whats your problem. You don't want to work or if you have any other problem at least tell me. Wating for your reply.,,,
ham,", ow u dey.i paid 60,400thousad.i told  u would call . ",,,
ham,"Night has ended for another day, morning has come in a special way. May you smile like the sunny rays and leaves your worries at the blue blue bay. Gud mrng",,,
ham,"I wonder how you got online, my love ? Had you gone to the net cafe ? Did you get your phone recharged ? Were you on a friends net ? I think of you, boytoy",,,
ham,Yes. that will be fine. Love you. Be safe.,,,
ham,"Tick, tick, tick .... Where are you ? I could die of loneliness you know ! *pouts* *stomps feet* I need you ...",,,
ham,First answer my question.,,,
ham,"I'm not sure, I was just checking out what was happening around the area",,,
ham,I borrow ur bag ok.,,,
ham,You available now? I'm like right around hillsborough &amp;  &lt;#&gt; th,,,
ham,Are u coming to the funeral home,,,
ham,This single single answers are we fighting? Plus i said am broke and you didnt reply,,,
ham,"No idea, I guess we'll work that out an hour after we're supposed to leave since as usual nobody has any interest in figuring shit out before the last second",,,
ham,The world's most happiest frnds never have the same characters... Dey just have the best understanding of their differences...,,,
ham,OK i'm waliking ard now... Do u wan me 2 buy anything go ur house?,,,
ham,"Wow. I never realized that you were so embarassed by your accomodations. I thought you liked it, since i was doing the best i could and you always seemed so happy about \the cave\"". I'm sorry I didn't and don't have more to give. I'm sorry i offered. I'm sorry your room was so embarassing.""",,,
ham,would u fuckin believe it they didnt know i had thurs pre booked off so they re cancelled me AGAIN! that needs to b sacked,,,
ham,Have you always been saying welp?,,,
ham,No i am not having not any movies in my laptop,,,
ham,I havent add Ì_ yet right.. ,,,
ham,S.s:)i thinl role is like sachin.just standing. Others have to hit.,,,
ham,have you ever had one foot before?,,,
spam,URGENT! Your Mobile number has been awarded with a å£2000 prize GUARANTEED. Call 09058094455 from land line. Claim 3030. Valid 12hrs only,,,
ham,on hen night. Going with a swing,,,
ham,I'm at work. Please call,,,
ham,ELLO BABE U OK?,,,
ham,"\AH POOR BABY!HOPE URFEELING BETTERSN LUV! PROBTHAT OVERDOSE OF WORK HEY GO CAREFUL SPK 2 U SN LOTS OF LOVEJEN XXX.\""""",,,
spam,"For ur chance to win a å£250 cash every wk TXT: ACTION to 80608. T's&C's www.movietrivia.tv custcare 08712405022, 1x150p/wk.",,,
ham,I doubt you could handle 5 times per night in any case...,,,
ham,Have you bookedthe hut? And also your time off? How are you by the way?,,,
ham,"Good afternoon, my love ! Any job prospects ? Are you missing me ? What do you do ? Are you being lazy and bleak, hmmm ? Or happy and filled with my love ?",,,
ham,It has issues right now. Ill fix for her by tomorrow.,,,
ham,Thanks. It was only from tescos but quite nice. All gone now. Speak soon ,,,
spam,"Wan2 win a Meet+Greet with Westlife 4 U or a m8? They are currently on what tour? 1)Unbreakable, 2)Untamed, 3)Unkempt. Text 1,2 or 3 to 83049. Cost 50p +std text",,,
ham,Also hi wesley how've you been,,,
ham,"What will we do in the shower, baby?",,,
ham,Or just do that 6times,,,
ham,\Its Ur luck to Love someone. Its Ur fortune to Love the one who Loves U. But," its a miracle to Love a person who can't Love anyone except U...\"" Gud nyt...""",,
ham,Okay lor... Will they still let us go a not ah? Coz they will not know until later. We drop our cards into the box right?,,,
ham,"'Wnevr i wana fal in luv vth my books, My bed fals in luv vth me..!'' . Yen madodu, nav pretsorginta, nammanna pretsovru important alwa....!!:) Gud eveB-).",,,
ham,"I know where the  &lt;#&gt;  is, I'll be there around 5",,,
ham,Hey i've booked the 2 lessons on sun liao...,,,
ham,they released another Italian one today and it has a cosign option,,,
